title; rank; date; artist; chart
Beggin';1;01/07/2021;M√•neskin;viral50
I WANNA BE YOUR SLAVE;2;01/07/2021;M√•neskin;viral50
rises the moon;3;01/07/2021;Liana Flores;viral50
flowers & sex;4;01/07/2021;EMELINE, smle;viral50
Fancy Like;5;01/07/2021;Walker Hayes;viral50
Todo De Ti;6;01/07/2021;Rauw Alejandro;viral50
everything sucks;7;01/07/2021;vaultboy;viral50
The King;8;01/07/2021;Sarah Kinsley;viral50
t r a n s p a r e n t s o u l feat. Travis Barker;9;01/07/2021;WILLOW;viral50
Dinero;10;01/07/2021;Trinidad Cardona;viral50
Pain;11;01/07/2021;PinkPantheress;viral50
Antisocial;12;01/07/2021;Slump6s, BabySantana;viral50
EVERYTHING;13;01/07/2021;The Black Skirts;viral50
spy?;14;01/07/2021;WHOKILLEDXIX;viral50
NUMB;15;01/07/2021;Chri$tian Gate$;viral50
seaside_demo;16;01/07/2021;SEB;viral50
Fine Apple;17;01/07/2021;Nic D;viral50
SHUM;18;01/07/2021;Go_A;viral50
Gordon R Freestyle;19;01/07/2021;Remble;viral50
Decode - Twilight Soundtrack Version;20;01/07/2021;Paramore;viral50
Real Life Sux;21;01/07/2021;Justus Bennetts;viral50
Float On;22;01/07/2021;Phil Good;viral50
Throw It Back (feat. Keith Urban);23;01/07/2021;BRELAND;viral50
A-O-K;24;01/07/2021;Tai Verdes;viral50
PHONKY TOWN;25;01/07/2021;PlayaPhonk;viral50
Tell Em;26;01/07/2021;Cochise, $NOT;viral50
Tunnel;27;01/07/2021;Polo & Pan, Channel Tres;viral50
Anti-Romantic;28;01/07/2021;TOMORROW X TOGETHER;viral50
Groundhog Day;29;01/07/2021;Em Beihold;viral50
Black Sheep - Brie Larson Vocal Version;30;01/07/2021;Metric;viral50
Hello;31;01/07/2021;JOY;viral50
Essence (feat. Tems);32;01/07/2021;WizKid;viral50
Hex;33;01/07/2021;80purppp;viral50
Yonaguni;34;01/07/2021;Bad Bunny;viral50
when the world end;35;01/07/2021;chillmadeit;viral50
23;36;01/07/2021;Chayce Beckham;viral50
Je te laisserai des mots;37;01/07/2021;Patrick Watson;viral50
good 4 u;38;01/07/2021;Olivia Rodrigo;viral50
Late At Night;39;01/07/2021;Roddy Ricch;viral50
Build a Bitch;40;01/07/2021;Bella Poarch;viral50
0X1=LOVESONG (I Know I Love You) feat. Seori;41;01/07/2021;TOMORROW X TOGETHER;viral50
Hora Loca;42;01/07/2021;The Change;viral50
Team;43;01/07/2021;Mag.Lo;viral50
Snowflakes;44;01/07/2021;Tom MacDonald;viral50
WHOLE LOTTA MONEY;45;01/07/2021;BIA;viral50
You Know;46;01/07/2021;Freddie Dredd;viral50
ZITTI E BUONI;47;01/07/2021;M√•neskin;viral50
Love Tonight - Edit;48;01/07/2021;Shouse;viral50
Summer Vibe;49;01/07/2021;Forrest Nolan;viral50
Meet Me At Our Spot;50;01/07/2021;THE ANXIETY, WILLOW, Tyler Cole;viral50
Beggin';1;02/07/2021;M√•neskin;viral50
I WANNA BE YOUR SLAVE;2;02/07/2021;M√•neskin;viral50
rises the moon;3;02/07/2021;Liana Flores;viral50
flowers & sex;4;02/07/2021;EMELINE, smle;viral50
Fancy Like;5;02/07/2021;Walker Hayes;viral50
Todo De Ti;6;02/07/2021;Rauw Alejandro;viral50
Spaceship;7;02/07/2021;Parti Carti;viral50
everything sucks;8;02/07/2021;vaultboy;viral50
The King;9;02/07/2021;Sarah Kinsley;viral50
t r a n s p a r e n t s o u l feat. Travis Barker;10;02/07/2021;WILLOW;viral50
Dinero;11;02/07/2021;Trinidad Cardona;viral50
Pain;12;02/07/2021;PinkPantheress;viral50
Antisocial;13;02/07/2021;Slump6s, BabySantana;viral50
EVERYTHING;14;02/07/2021;The Black Skirts;viral50
spy?;15;02/07/2021;WHOKILLEDXIX;viral50
NUMB;16;02/07/2021;Chri$tian Gate$;viral50
seaside_demo;17;02/07/2021;SEB;viral50
Fine Apple;18;02/07/2021;Nic D;viral50
Gordon R Freestyle;19;02/07/2021;Remble;viral50
Real Life Sux;20;02/07/2021;Justus Bennetts;viral50
SHUM;21;02/07/2021;Go_A;viral50
Float On;22;02/07/2021;Phil Good;viral50
A-O-K;23;02/07/2021;Tai Verdes;viral50
Throw It Back (feat. Keith Urban);24;02/07/2021;BRELAND;viral50
Tell Em;25;02/07/2021;Cochise, $NOT;viral50
PHONKY TOWN;26;02/07/2021;PlayaPhonk;viral50
Anti-Romantic;27;02/07/2021;TOMORROW X TOGETHER;viral50
Groundhog Day;28;02/07/2021;Em Beihold;viral50
Essence (feat. Tems);29;02/07/2021;WizKid;viral50
Tunnel;30;02/07/2021;Polo & Pan, Channel Tres;viral50
Hex;31;02/07/2021;80purppp;viral50
Hello;32;02/07/2021;JOY;viral50
Black Sheep - Brie Larson Vocal Version;33;02/07/2021;Metric;viral50
when the world end;34;02/07/2021;chillmadeit;viral50
23;35;02/07/2021;Chayce Beckham;viral50
Je te laisserai des mots;36;02/07/2021;Patrick Watson;viral50
Yonaguni;37;02/07/2021;Bad Bunny;viral50
good 4 u;38;02/07/2021;Olivia Rodrigo;viral50
Late At Night;39;02/07/2021;Roddy Ricch;viral50
Decode - Twilight Soundtrack Version;40;02/07/2021;Paramore;viral50
Hora Loca;41;02/07/2021;The Change;viral50
0X1=LOVESONG (I Know I Love You) feat. Seori;42;02/07/2021;TOMORROW X TOGETHER;viral50
Build a Bitch;43;02/07/2021;Bella Poarch;viral50
Snowflakes;44;02/07/2021;Tom MacDonald;viral50
WHOLE LOTTA MONEY;45;02/07/2021;BIA;viral50
Love Tonight - Edit;46;02/07/2021;Shouse;viral50
Team;47;02/07/2021;Mag.Lo;viral50
Summer Vibe;48;02/07/2021;Forrest Nolan;viral50
ZITTI E BUONI;49;02/07/2021;M√•neskin;viral50
You Know;50;02/07/2021;Freddie Dredd;viral50
Beggin';1;03/07/2021;M√•neskin;viral50
I WANNA BE YOUR SLAVE;2;03/07/2021;M√•neskin;viral50
rises the moon;3;03/07/2021;Liana Flores;viral50
flowers & sex;4;03/07/2021;EMELINE, smle;viral50
Fancy Like;5;03/07/2021;Walker Hayes;viral50
Spaceship;6;03/07/2021;Parti Carti;viral50
everything sucks;7;03/07/2021;vaultboy;viral50
The King;8;03/07/2021;Sarah Kinsley;viral50
Todo De Ti;9;03/07/2021;Rauw Alejandro;viral50
Pain;10;03/07/2021;PinkPantheress;viral50
t r a n s p a r e n t s o u l feat. Travis Barker;11;03/07/2021;WILLOW;viral50
Dinero;12;03/07/2021;Trinidad Cardona;viral50
Antisocial;13;03/07/2021;Slump6s, BabySantana;viral50
spy?;14;03/07/2021;WHOKILLEDXIX;viral50
EVERYTHING;15;03/07/2021;The Black Skirts;viral50
NUMB;16;03/07/2021;Chri$tian Gate$;viral50
Fine Apple;17;03/07/2021;Nic D;viral50
seaside_demo;18;03/07/2021;SEB;viral50
Real Life Sux;19;03/07/2021;Justus Bennetts;viral50
Float On;20;03/07/2021;Phil Good;viral50
Gordon R Freestyle;21;03/07/2021;Remble;viral50
A-O-K;22;03/07/2021;Tai Verdes;viral50
Throw It Back (feat. Keith Urban);23;03/07/2021;BRELAND;viral50
SHUM;24;03/07/2021;Go_A;viral50
Essence (feat. Tems);25;03/07/2021;WizKid;viral50
Tell Em;26;03/07/2021;Cochise, $NOT;viral50
Anti-Romantic;27;03/07/2021;TOMORROW X TOGETHER;viral50
PHONKY TOWN;28;03/07/2021;PlayaPhonk;viral50
Groundhog Day;29;03/07/2021;Em Beihold;viral50
Hex;30;03/07/2021;80purppp;viral50
Hello;31;03/07/2021;JOY;viral50
Black Sheep - Brie Larson Vocal Version;32;03/07/2021;Metric;viral50
Tiroteo - Remix;33;03/07/2021;Marc Segu√≠, Rauw Alejandro, Pol Granch;viral50
when the world end;34;03/07/2021;chillmadeit;viral50
23;35;03/07/2021;Chayce Beckham;viral50
Je te laisserai des mots;36;03/07/2021;Patrick Watson;viral50
Hora Loca;37;03/07/2021;The Change;viral50
Yonaguni;38;03/07/2021;Bad Bunny;viral50
Snowflakes;39;03/07/2021;Tom MacDonald;viral50
Late At Night;40;03/07/2021;Roddy Ricch;viral50
good 4 u;41;03/07/2021;Olivia Rodrigo;viral50
Love Tonight - Edit;42;03/07/2021;Shouse;viral50
WHOLE LOTTA MONEY;43;03/07/2021;BIA;viral50
0X1=LOVESONG (I Know I Love You) feat. Seori;44;03/07/2021;TOMORROW X TOGETHER;viral50
Summer Vibe;45;03/07/2021;Forrest Nolan;viral50
ZITTI E BUONI;46;03/07/2021;M√•neskin;viral50
Team;47;03/07/2021;Mag.Lo;viral50
Build a Bitch;48;03/07/2021;Bella Poarch;viral50
Meet Me At Our Spot;49;03/07/2021;THE ANXIETY, WILLOW, Tyler Cole;viral50
You Know;50;03/07/2021;Freddie Dredd;viral50
Beggin';1;04/07/2021;M√•neskin;viral50
I WANNA BE YOUR SLAVE;2;04/07/2021;M√•neskin;viral50
rises the moon;3;04/07/2021;Liana Flores;viral50
flowers & sex;4;04/07/2021;EMELINE, smle;viral50
Fancy Like;5;04/07/2021;Walker Hayes;viral50
Spaceship;6;04/07/2021;Parti Carti;viral50
Pain;7;04/07/2021;PinkPantheress;viral50
everything sucks;8;04/07/2021;vaultboy;viral50
The King;9;04/07/2021;Sarah Kinsley;viral50
Todo De Ti;10;04/07/2021;Rauw Alejandro;viral50
t r a n s p a r e n t s o u l feat. Travis Barker;11;04/07/2021;WILLOW;viral50
Dinero;12;04/07/2021;Trinidad Cardona;viral50
Antisocial;13;04/07/2021;Slump6s, BabySantana;viral50
spy?;14;04/07/2021;WHOKILLEDXIX;viral50
God Bless The U.S.A.;15;04/07/2021;Lee Greenwood;viral50
Fine Apple;16;04/07/2021;Nic D;viral50
NUMB;17;04/07/2021;Chri$tian Gate$;viral50
seaside_demo;18;04/07/2021;SEB;viral50
Float On;19;04/07/2021;Phil Good;viral50
A-O-K;20;04/07/2021;Tai Verdes;viral50
Essence (feat. Tems);21;04/07/2021;WizKid;viral50
Real Life Sux;22;04/07/2021;Justus Bennetts;viral50
Gordon R Freestyle;23;04/07/2021;Remble;viral50
EVERYTHING;24;04/07/2021;The Black Skirts;viral50
Throw It Back (feat. Keith Urban);25;04/07/2021;BRELAND;viral50
Tiroteo - Remix;26;04/07/2021;Marc Segu√≠, Rauw Alejandro, Pol Granch;viral50
Tell Em;27;04/07/2021;Cochise, $NOT;viral50
PHONKY TOWN;28;04/07/2021;PlayaPhonk;viral50
Anti-Romantic;29;04/07/2021;TOMORROW X TOGETHER;viral50
Groundhog Day;30;04/07/2021;Em Beihold;viral50
Hex;31;04/07/2021;80purppp;viral50
Black Sheep - Brie Larson Vocal Version;32;04/07/2021;Metric;viral50
Hello;33;04/07/2021;JOY;viral50
when the world end;34;04/07/2021;chillmadeit;viral50
23;35;04/07/2021;Chayce Beckham;viral50
Snowflakes;36;04/07/2021;Tom MacDonald;viral50
Je te laisserai des mots;37;04/07/2021;Patrick Watson;viral50
Hora Loca;38;04/07/2021;The Change;viral50
Yonaguni;39;04/07/2021;Bad Bunny;viral50
Love Tonight - Edit;40;04/07/2021;Shouse;viral50
Late At Night;41;04/07/2021;Roddy Ricch;viral50
good 4 u;42;04/07/2021;Olivia Rodrigo;viral50
WHOLE LOTTA MONEY;43;04/07/2021;BIA;viral50
Summer Vibe;44;04/07/2021;Forrest Nolan;viral50
Team;45;04/07/2021;Mag.Lo;viral50
0X1=LOVESONG (I Know I Love You) feat. Seori;46;04/07/2021;TOMORROW X TOGETHER;viral50
ZITTI E BUONI;47;04/07/2021;M√•neskin;viral50
Build a Bitch;48;04/07/2021;Bella Poarch;viral50
Meet Me At Our Spot;49;04/07/2021;THE ANXIETY, WILLOW, Tyler Cole;viral50
You Know;50;04/07/2021;Freddie Dredd;viral50
Beggin';1;05/07/2021;M√•neskin;viral50
I WANNA BE YOUR SLAVE;2;05/07/2021;M√•neskin;viral50
As the World Caves In;3;05/07/2021;Sarah Cothran;viral50
To the Hellfire;4;05/07/2021;Lorna Shore;viral50
Bezos I;5;05/07/2021;Bo Burnham;viral50
All Eyes On Me;6;05/07/2021;Bo Burnham;viral50
rises the moon;7;05/07/2021;Liana Flores;viral50
Fancy Like;8;05/07/2021;Walker Hayes;viral50
Shit;9;05/07/2021;Bo Burnham;viral50
Welcome to the Internet;10;05/07/2021;Bo Burnham;viral50
God Bless The U.S.A.;11;05/07/2021;Lee Greenwood;viral50
flowers & sex;12;05/07/2021;EMELINE, smle;viral50
Spaceship;13;05/07/2021;Parti Carti;viral50
Pain;14;05/07/2021;PinkPantheress;viral50
Antisocial 2;15;05/07/2021;BabySantana, Slump6s, Yung Fazo, Xhulooo, SSGKobe;viral50
everything sucks;16;05/07/2021;vaultboy;viral50
Dinero;17;05/07/2021;Trinidad Cardona;viral50
Touchable;18;05/07/2021;Remble;viral50
The King;19;05/07/2021;Sarah Kinsley;viral50
NUMB;20;05/07/2021;Chri$tian Gate$;viral50
Todo De Ti;21;05/07/2021;Rauw Alejandro;viral50
Essence (feat. Tems);22;05/07/2021;WizKid;viral50
Thot Shit;23;05/07/2021;Megan Thee Stallion;viral50
Antisocial;24;05/07/2021;Slump6s, BabySantana;viral50
t r a n s p a r e n t s o u l feat. Travis Barker;25;05/07/2021;WILLOW;viral50
White Woman‚Äôs Instagram;26;05/07/2021;Bo Burnham;viral50
spy?;27;05/07/2021;WHOKILLEDXIX;viral50
That Funny Feeling;28;05/07/2021;Bo Burnham;viral50
30;29;05/07/2021;Bo Burnham;viral50
EVERYTHING;30;05/07/2021;The Black Skirts;viral50
A-O-K;31;05/07/2021;Tai Verdes;viral50
One More I Love You;32;05/07/2021;Alex Warren;viral50
Tiroteo - Remix;33;05/07/2021;Marc Segu√≠, Rauw Alejandro, Pol Granch;viral50
FaceTime with my Mom (Tonight);34;05/07/2021;Bo Burnham;viral50
Fine Apple;35;05/07/2021;Nic D;viral50
Need To Know;36;05/07/2021;Doja Cat;viral50
Bezos II;37;05/07/2021;Bo Burnham;viral50
Gordon R Freestyle;38;05/07/2021;Remble;viral50
Look Who‚Äôs Inside Again;39;05/07/2021;Bo Burnham;viral50
Goodbye;40;05/07/2021;Bo Burnham;viral50
Sexting;41;05/07/2021;Bo Burnham;viral50
How the World Works;42;05/07/2021;Bo Burnham;viral50
Throw It Back (feat. Keith Urban);43;05/07/2021;BRELAND;viral50
seaside_demo;44;05/07/2021;SEB;viral50
Real Life Sux;45;05/07/2021;Justus Bennetts;viral50
Anti-Romantic;46;05/07/2021;TOMORROW X TOGETHER;viral50
Je te laisserai des mots;47;05/07/2021;Patrick Watson;viral50
Tell Em;48;05/07/2021;Cochise, $NOT;viral50
PHONKY TOWN;49;05/07/2021;PlayaPhonk;viral50
Hex;50;05/07/2021;80purppp;viral50
Beggin';1;06/07/2021;M√•neskin;viral50
My Potna Dem;2;06/07/2021;$ilkMoney;viral50
I WANNA BE YOUR SLAVE;3;06/07/2021;M√•neskin;viral50
As the World Caves In;4;06/07/2021;Sarah Cothran;viral50
Bezos I;5;06/07/2021;Bo Burnham;viral50
To the Hellfire;6;06/07/2021;Lorna Shore;viral50
All Eyes On Me;7;06/07/2021;Bo Burnham;viral50
rises the moon;8;06/07/2021;Liana Flores;viral50
Fancy Like;9;06/07/2021;Walker Hayes;viral50
Shit;10;06/07/2021;Bo Burnham;viral50
God Bless The U.S.A.;11;06/07/2021;Lee Greenwood;viral50
Welcome to the Internet;12;06/07/2021;Bo Burnham;viral50
flowers & sex;13;06/07/2021;EMELINE, smle;viral50
Spaceship;14;06/07/2021;Parti Carti;viral50
Pain;15;06/07/2021;PinkPantheress;viral50
Antisocial 2;16;06/07/2021;BabySantana, Slump6s, Yung Fazo, Xhulooo, SSGKobe;viral50
everything sucks;17;06/07/2021;vaultboy;viral50
Dinero;18;06/07/2021;Trinidad Cardona;viral50
NUMB;19;06/07/2021;Chri$tian Gate$;viral50
Essence (feat. Tems);20;06/07/2021;WizKid;viral50
Touchable;21;06/07/2021;Remble;viral50
Antisocial;22;06/07/2021;Slump6s, BabySantana;viral50
Todo De Ti;23;06/07/2021;Rauw Alejandro;viral50
Thot Shit;24;06/07/2021;Megan Thee Stallion;viral50
The King;25;06/07/2021;Sarah Kinsley;viral50
White Woman‚Äôs Instagram;26;06/07/2021;Bo Burnham;viral50
t r a n s p a r e n t s o u l feat. Travis Barker;27;06/07/2021;WILLOW;viral50
Tiroteo - Remix;28;06/07/2021;Marc Segu√≠, Rauw Alejandro, Pol Granch;viral50
spy?;29;06/07/2021;WHOKILLEDXIX;viral50
That Funny Feeling;30;06/07/2021;Bo Burnham;viral50
A-O-K;31;06/07/2021;Tai Verdes;viral50
30;32;06/07/2021;Bo Burnham;viral50
EVERYTHING;33;06/07/2021;The Black Skirts;viral50
One More I Love You;34;06/07/2021;Alex Warren;viral50
FaceTime with my Mom (Tonight);35;06/07/2021;Bo Burnham;viral50
Gordon R Freestyle;36;06/07/2021;Remble;viral50
Goodbye;37;06/07/2021;Bo Burnham;viral50
Look Who‚Äôs Inside Again;38;06/07/2021;Bo Burnham;viral50
Bezos II;39;06/07/2021;Bo Burnham;viral50
Need To Know;40;06/07/2021;Doja Cat;viral50
Fine Apple;41;06/07/2021;Nic D;viral50
Sexting;42;06/07/2021;Bo Burnham;viral50
How the World Works;43;06/07/2021;Bo Burnham;viral50
Je te laisserai des mots;44;06/07/2021;Patrick Watson;viral50
Anti-Romantic;45;06/07/2021;TOMORROW X TOGETHER;viral50
Throw It Back (feat. Keith Urban);46;06/07/2021;BRELAND;viral50
Hex;47;06/07/2021;80purppp;viral50
Love Tonight - Edit;48;06/07/2021;Shouse;viral50
Buy Dirt;49;06/07/2021;Jordan Davis, Luke Bryan;viral50
Tell Em;50;06/07/2021;Cochise, $NOT;viral50
Beggin';1;07/07/2021;M√•neskin;viral50
My Potna Dem;2;07/07/2021;$ilkMoney;viral50
I WANNA BE YOUR SLAVE;3;07/07/2021;M√•neskin;viral50
As the World Caves In;4;07/07/2021;Sarah Cothran;viral50
Bezos I;5;07/07/2021;Bo Burnham;viral50
rises the moon;6;07/07/2021;Liana Flores;viral50
To the Hellfire;7;07/07/2021;Lorna Shore;viral50
Fancy Like;8;07/07/2021;Walker Hayes;viral50
All Eyes On Me;9;07/07/2021;Bo Burnham;viral50
Shit;10;07/07/2021;Bo Burnham;viral50
Welcome to the Internet;11;07/07/2021;Bo Burnham;viral50
God Bless The U.S.A.;12;07/07/2021;Lee Greenwood;viral50
flowers & sex;13;07/07/2021;EMELINE, smle;viral50
Little Girls - From the Annie (2014) Original Movie Soundtrack;14;07/07/2021;Cameron Diaz;viral50
Spaceship;15;07/07/2021;Parti Carti;viral50
Pain;16;07/07/2021;PinkPantheress;viral50
Antisocial 2;17;07/07/2021;BabySantana, Slump6s, Yung Fazo, Xhulooo, SSGKobe;viral50
Essence (feat. Tems);18;07/07/2021;WizKid;viral50
everything sucks;19;07/07/2021;vaultboy;viral50
NUMB;20;07/07/2021;Chri$tian Gate$;viral50
Dinero;21;07/07/2021;Trinidad Cardona;viral50
Antisocial;22;07/07/2021;Slump6s, BabySantana;viral50
Touchable;23;07/07/2021;Remble;viral50
Tiroteo - Remix;24;07/07/2021;Marc Segu√≠, Rauw Alejandro, Pol Granch;viral50
Todo De Ti;25;07/07/2021;Rauw Alejandro;viral50
Thot Shit;26;07/07/2021;Megan Thee Stallion;viral50
White Woman‚Äôs Instagram;27;07/07/2021;Bo Burnham;viral50
t r a n s p a r e n t s o u l feat. Travis Barker;28;07/07/2021;WILLOW;viral50
A-O-K;29;07/07/2021;Tai Verdes;viral50
That Funny Feeling;30;07/07/2021;Bo Burnham;viral50
The King;31;07/07/2021;Sarah Kinsley;viral50
spy?;32;07/07/2021;WHOKILLEDXIX;viral50
30;33;07/07/2021;Bo Burnham;viral50
EVERYTHING;34;07/07/2021;The Black Skirts;viral50
One More I Love You;35;07/07/2021;Alex Warren;viral50
FaceTime with my Mom (Tonight);36;07/07/2021;Bo Burnham;viral50
Goodbye;37;07/07/2021;Bo Burnham;viral50
Gordon R Freestyle;38;07/07/2021;Remble;viral50
Look Who‚Äôs Inside Again;39;07/07/2021;Bo Burnham;viral50
Bezos II;40;07/07/2021;Bo Burnham;viral50
Need To Know;41;07/07/2021;Doja Cat;viral50
Buy Dirt;42;07/07/2021;Jordan Davis, Luke Bryan;viral50
Fine Apple;43;07/07/2021;Nic D;viral50
Sexting;44;07/07/2021;Bo Burnham;viral50
Coulda Loved You Longer;45;07/07/2021;Adam Doleac;viral50
Je te laisserai des mots;46;07/07/2021;Patrick Watson;viral50
How the World Works;47;07/07/2021;Bo Burnham;viral50
Love Tonight - Edit;48;07/07/2021;Shouse;viral50
Hex;49;07/07/2021;80purppp;viral50
Anti-Romantic;50;07/07/2021;TOMORROW X TOGETHER;viral50
Beggin';1;08/07/2021;M√•neskin;viral50
My Potna Dem;2;08/07/2021;$ilkMoney;viral50
I WANNA BE YOUR SLAVE;3;08/07/2021;M√•neskin;viral50
As the World Caves In;4;08/07/2021;Sarah Cothran;viral50
rises the moon;5;08/07/2021;Liana Flores;viral50
Bezos I;6;08/07/2021;Bo Burnham;viral50
To the Hellfire;7;08/07/2021;Lorna Shore;viral50
Fancy Like;8;08/07/2021;Walker Hayes;viral50
All Eyes On Me;9;08/07/2021;Bo Burnham;viral50
Shit;10;08/07/2021;Bo Burnham;viral50
God Bless The U.S.A.;11;08/07/2021;Lee Greenwood;viral50
flowers & sex;12;08/07/2021;EMELINE, smle;viral50
Welcome to the Internet;13;08/07/2021;Bo Burnham;viral50
in heat.;14;08/07/2021;Hentai Xander;viral50
Little Girls - From the Annie (2014) Original Movie Soundtrack;15;08/07/2021;Cameron Diaz;viral50
Pain;16;08/07/2021;PinkPantheress;viral50
Spaceship;17;08/07/2021;Parti Carti;viral50
Antisocial 2;18;08/07/2021;BabySantana, Slump6s, Yung Fazo, Xhulooo, SSGKobe;viral50
Essence (feat. Tems);19;08/07/2021;WizKid;viral50
everything sucks;20;08/07/2021;vaultboy;viral50
Antisocial;21;08/07/2021;Slump6s, BabySantana;viral50
NUMB;22;08/07/2021;Chri$tian Gate$;viral50
Touchable;23;08/07/2021;Remble;viral50
Dinero;24;08/07/2021;Trinidad Cardona;viral50
Tiroteo - Remix;25;08/07/2021;Marc Segu√≠, Rauw Alejandro, Pol Granch;viral50
Todo De Ti;26;08/07/2021;Rauw Alejandro;viral50
Thot Shit;27;08/07/2021;Megan Thee Stallion;viral50
A-O-K;28;08/07/2021;Tai Verdes;viral50
White Woman‚Äôs Instagram;29;08/07/2021;Bo Burnham;viral50
t r a n s p a r e n t s o u l feat. Travis Barker;30;08/07/2021;WILLOW;viral50
That Funny Feeling;31;08/07/2021;Bo Burnham;viral50
spy?;32;08/07/2021;WHOKILLEDXIX;viral50
The King;33;08/07/2021;Sarah Kinsley;viral50
30;34;08/07/2021;Bo Burnham;viral50
EVERYTHING;35;08/07/2021;The Black Skirts;viral50
Buy Dirt;36;08/07/2021;Jordan Davis, Luke Bryan;viral50
One More I Love You;37;08/07/2021;Alex Warren;viral50
Look Who‚Äôs Inside Again;38;08/07/2021;Bo Burnham;viral50
Gordon R Freestyle;39;08/07/2021;Remble;viral50
Coulda Loved You Longer;40;08/07/2021;Adam Doleac;viral50
Goodbye;41;08/07/2021;Bo Burnham;viral50
FaceTime with my Mom (Tonight);42;08/07/2021;Bo Burnham;viral50
Need To Know;43;08/07/2021;Doja Cat;viral50
Je te laisserai des mots;44;08/07/2021;Patrick Watson;viral50
Bezos II;45;08/07/2021;Bo Burnham;viral50
Love Tonight - Edit;46;08/07/2021;Shouse;viral50
Sexting;47;08/07/2021;Bo Burnham;viral50
How the World Works;48;08/07/2021;Bo Burnham;viral50
Hex;49;08/07/2021;80purppp;viral50
Fine Apple;50;08/07/2021;Nic D;viral50
Beggin';1;09/07/2021;M√•neskin;viral50
My Potna Dem;2;09/07/2021;$ilkMoney;viral50
I WANNA BE YOUR SLAVE;3;09/07/2021;M√•neskin;viral50
As the World Caves In;4;09/07/2021;Sarah Cothran;viral50
rises the moon;5;09/07/2021;Liana Flores;viral50
Bezos I;6;09/07/2021;Bo Burnham;viral50
Fancy Like;7;09/07/2021;Walker Hayes;viral50
To the Hellfire;8;09/07/2021;Lorna Shore;viral50
All Eyes On Me;9;09/07/2021;Bo Burnham;viral50
Shit;10;09/07/2021;Bo Burnham;viral50
flowers & sex;11;09/07/2021;EMELINE, smle;viral50
Welcome to the Internet;12;09/07/2021;Bo Burnham;viral50
God Bless The U.S.A.;13;09/07/2021;Lee Greenwood;viral50
in heat.;14;09/07/2021;Hentai Xander;viral50
Pain;15;09/07/2021;PinkPantheress;viral50
Little Girls - From the Annie (2014) Original Movie Soundtrack;16;09/07/2021;Cameron Diaz;viral50
Essence (feat. Tems);17;09/07/2021;WizKid;viral50
Antisocial 2;18;09/07/2021;BabySantana, Slump6s, Yung Fazo, Xhulooo, SSGKobe;viral50
Spaceship;19;09/07/2021;Parti Carti;viral50
NUMB;20;09/07/2021;Chri$tian Gate$;viral50
everything sucks;21;09/07/2021;vaultboy;viral50
Antisocial;22;09/07/2021;Slump6s, BabySantana;viral50
Touchable;23;09/07/2021;Remble;viral50
Dinero;24;09/07/2021;Trinidad Cardona;viral50
Tiroteo - Remix;25;09/07/2021;Marc Segu√≠, Rauw Alejandro, Pol Granch;viral50
White Woman‚Äôs Instagram;26;09/07/2021;Bo Burnham;viral50
Thot Shit;27;09/07/2021;Megan Thee Stallion;viral50
Todo De Ti;28;09/07/2021;Rauw Alejandro;viral50
A-O-K;29;09/07/2021;Tai Verdes;viral50
t r a n s p a r e n t s o u l feat. Travis Barker;30;09/07/2021;WILLOW;viral50
spy?;31;09/07/2021;WHOKILLEDXIX;viral50
That Funny Feeling;32;09/07/2021;Bo Burnham;viral50
30;33;09/07/2021;Bo Burnham;viral50
Buy Dirt;34;09/07/2021;Jordan Davis, Luke Bryan;viral50
The King;35;09/07/2021;Sarah Kinsley;viral50
EVERYTHING;36;09/07/2021;The Black Skirts;viral50
One More I Love You;37;09/07/2021;Alex Warren;viral50
Gordon R Freestyle;38;09/07/2021;Remble;viral50
Coulda Loved You Longer;39;09/07/2021;Adam Doleac;viral50
Love Tonight - Edit;40;09/07/2021;Shouse;viral50
Goodbye;41;09/07/2021;Bo Burnham;viral50
Need To Know;42;09/07/2021;Doja Cat;viral50
Look Who‚Äôs Inside Again;43;09/07/2021;Bo Burnham;viral50
FaceTime with my Mom (Tonight);44;09/07/2021;Bo Burnham;viral50
Je te laisserai des mots;45;09/07/2021;Patrick Watson;viral50
M√≥naco;46;09/07/2021;LAGOS, Danny Ocean;viral50
Hex;47;09/07/2021;80purppp;viral50
Bezos II;48;09/07/2021;Bo Burnham;viral50
Sexting;49;09/07/2021;Bo Burnham;viral50
Beggin (original version);50;09/07/2021;Madcon;viral50
I Used to Care;1;10/07/2021;Louyah;viral50
Beggin';2;10/07/2021;M√•neskin;viral50
My Potna Dem;3;10/07/2021;$ilkMoney;viral50
I WANNA BE YOUR SLAVE;4;10/07/2021;M√•neskin;viral50
Bezos I;5;10/07/2021;Bo Burnham;viral50
rises the moon;6;10/07/2021;Liana Flores;viral50
As the World Caves In;7;10/07/2021;Sarah Cothran;viral50
Fancy Like;8;10/07/2021;Walker Hayes;viral50
To the Hellfire;9;10/07/2021;Lorna Shore;viral50
All Eyes On Me;10;10/07/2021;Bo Burnham;viral50
Shit;11;10/07/2021;Bo Burnham;viral50
flowers & sex;12;10/07/2021;EMELINE, smle;viral50
Welcome to the Internet;13;10/07/2021;Bo Burnham;viral50
in heat.;14;10/07/2021;Hentai Xander;viral50
Pain;15;10/07/2021;PinkPantheress;viral50
God Bless The U.S.A.;16;10/07/2021;Lee Greenwood;viral50
Essence (feat. Tems);17;10/07/2021;WizKid;viral50
Little Girls - From the Annie (2014) Original Movie Soundtrack;18;10/07/2021;Cameron Diaz;viral50
Antisocial 2;19;10/07/2021;BabySantana, Slump6s, Yung Fazo, Xhulooo, SSGKobe;viral50
Spaceship;20;10/07/2021;Parti Carti;viral50
Antisocial;21;10/07/2021;Slump6s, BabySantana;viral50
NUMB;22;10/07/2021;Chri$tian Gate$;viral50
everything sucks;23;10/07/2021;vaultboy;viral50
Touchable;24;10/07/2021;Remble;viral50
Dinero;25;10/07/2021;Trinidad Cardona;viral50
Tiroteo - Remix;26;10/07/2021;Marc Segu√≠, Rauw Alejandro, Pol Granch;viral50
White Woman‚Äôs Instagram;27;10/07/2021;Bo Burnham;viral50
Thot Shit;28;10/07/2021;Megan Thee Stallion;viral50
Buy Dirt;29;10/07/2021;Jordan Davis, Luke Bryan;viral50
spy?;30;10/07/2021;WHOKILLEDXIX;viral50
Todo De Ti;31;10/07/2021;Rauw Alejandro;viral50
A-O-K;32;10/07/2021;Tai Verdes;viral50
t r a n s p a r e n t s o u l feat. Travis Barker;33;10/07/2021;WILLOW;viral50
30;34;10/07/2021;Bo Burnham;viral50
That Funny Feeling;35;10/07/2021;Bo Burnham;viral50
The King;36;10/07/2021;Sarah Kinsley;viral50
EVERYTHING;37;10/07/2021;The Black Skirts;viral50
One More I Love You;38;10/07/2021;Alex Warren;viral50
Gordon R Freestyle;39;10/07/2021;Remble;viral50
Coulda Loved You Longer;40;10/07/2021;Adam Doleac;viral50
Love Tonight - Edit;41;10/07/2021;Shouse;viral50
Need To Know;42;10/07/2021;Doja Cat;viral50
Je te laisserai des mots;43;10/07/2021;Patrick Watson;viral50
M√≥naco;44;10/07/2021;LAGOS, Danny Ocean;viral50
FaceTime with my Mom (Tonight);45;10/07/2021;Bo Burnham;viral50
Goodbye;46;10/07/2021;Bo Burnham;viral50
Look Who‚Äôs Inside Again;47;10/07/2021;Bo Burnham;viral50
Hex;48;10/07/2021;80purppp;viral50
Bezos II;49;10/07/2021;Bo Burnham;viral50
Sexting;50;10/07/2021;Bo Burnham;viral50
I Used to Care;1;11/07/2021;Louyah;viral50
Beggin';2;11/07/2021;M√•neskin;viral50
My Potna Dem;3;11/07/2021;$ilkMoney;viral50
Bezos I;4;11/07/2021;Bo Burnham;viral50
I WANNA BE YOUR SLAVE;5;11/07/2021;M√•neskin;viral50
As the World Caves In;6;11/07/2021;Sarah Cothran;viral50
rises the moon;7;11/07/2021;Liana Flores;viral50
Fancy Like;8;11/07/2021;Walker Hayes;viral50
To the Hellfire;9;11/07/2021;Lorna Shore;viral50
All Eyes On Me;10;11/07/2021;Bo Burnham;viral50
Shit;11;11/07/2021;Bo Burnham;viral50
flowers & sex;12;11/07/2021;EMELINE, smle;viral50
Welcome to the Internet;13;11/07/2021;Bo Burnham;viral50
in heat.;14;11/07/2021;Hentai Xander;viral50
Pain;15;11/07/2021;PinkPantheress;viral50
Essence (feat. Tems);16;11/07/2021;WizKid;viral50
Antisocial 2;17;11/07/2021;BabySantana, Slump6s, Yung Fazo, Xhulooo, SSGKobe;viral50
Spaceship;18;11/07/2021;Parti Carti;viral50
Little Girls - From the Annie (2014) Original Movie Soundtrack;19;11/07/2021;Cameron Diaz;viral50
NUMB;20;11/07/2021;Chri$tian Gate$;viral50
Antisocial;21;11/07/2021;Slump6s, BabySantana;viral50
everything sucks;22;11/07/2021;vaultboy;viral50
Touchable;23;11/07/2021;Remble;viral50
Tiroteo - Remix;24;11/07/2021;Marc Segu√≠, Rauw Alejandro, Pol Granch;viral50
Dinero;25;11/07/2021;Trinidad Cardona;viral50
White Woman‚Äôs Instagram;26;11/07/2021;Bo Burnham;viral50
Buy Dirt;27;11/07/2021;Jordan Davis, Luke Bryan;viral50
Thot Shit;28;11/07/2021;Megan Thee Stallion;viral50
30;29;11/07/2021;Bo Burnham;viral50
spy?;30;11/07/2021;WHOKILLEDXIX;viral50
t r a n s p a r e n t s o u l feat. Travis Barker;31;11/07/2021;WILLOW;viral50
That Funny Feeling;32;11/07/2021;Bo Burnham;viral50
Todo De Ti;33;11/07/2021;Rauw Alejandro;viral50
A-O-K;34;11/07/2021;Tai Verdes;viral50
The King;35;11/07/2021;Sarah Kinsley;viral50
EVERYTHING;36;11/07/2021;The Black Skirts;viral50
One More I Love You;37;11/07/2021;Alex Warren;viral50
Coulda Loved You Longer;38;11/07/2021;Adam Doleac;viral50
Love Tonight - Edit;39;11/07/2021;Shouse;viral50
Gordon R Freestyle;40;11/07/2021;Remble;viral50
Je te laisserai des mots;41;11/07/2021;Patrick Watson;viral50
Need To Know;42;11/07/2021;Doja Cat;viral50
M√≥naco;43;11/07/2021;LAGOS, Danny Ocean;viral50
Hex;44;11/07/2021;80purppp;viral50
Bezos II;45;11/07/2021;Bo Burnham;viral50
FaceTime with my Mom (Tonight);46;11/07/2021;Bo Burnham;viral50
Beggin (original version);47;11/07/2021;Madcon;viral50
Look Who‚Äôs Inside Again;48;11/07/2021;Bo Burnham;viral50
Sexting;49;11/07/2021;Bo Burnham;viral50
Goodbye;50;11/07/2021;Bo Burnham;viral50
I Used to Care;1;12/07/2021;Louyah;viral50
Beggin';2;12/07/2021;M√•neskin;viral50
My Potna Dem;3;12/07/2021;$ilkMoney;viral50
Bezos I;4;12/07/2021;Bo Burnham;viral50
Fancy Like;5;12/07/2021;Walker Hayes;viral50
rises the moon;6;12/07/2021;Liana Flores;viral50
As the World Caves In;7;12/07/2021;Sarah Cothran;viral50
I WANNA BE YOUR SLAVE;8;12/07/2021;M√•neskin;viral50
Running Away;9;12/07/2021;VANO 3000, BADBADNOTGOOD, Samuel T. Herring;viral50
All Eyes On Me;10;12/07/2021;Bo Burnham;viral50
Shit;11;12/07/2021;Bo Burnham;viral50
Pears;12;12/07/2021;Weston Estate;viral50
Welcome to the Internet;13;12/07/2021;Bo Burnham;viral50
in heat.;14;12/07/2021;Hentai Xander;viral50
To the Hellfire;15;12/07/2021;Lorna Shore;viral50
Pain;16;12/07/2021;PinkPantheress;viral50
flowers & sex;17;12/07/2021;EMELINE, smle;viral50
Essence (feat. Tems);18;12/07/2021;WizKid;viral50
Little Girls - From the Annie (2014) Original Movie Soundtrack;19;12/07/2021;Cameron Diaz;viral50
Antisocial 2;20;12/07/2021;BabySantana, Slump6s, Yung Fazo, Xhulooo, SSGKobe;viral50
NUMB;21;12/07/2021;Chri$tian Gate$;viral50
Spaceship;22;12/07/2021;Parti Carti;viral50
Touchable;23;12/07/2021;Remble;viral50
Tiroteo - Remix;24;12/07/2021;Marc Segu√≠, Rauw Alejandro, Pol Granch;viral50
Teenage Dream 2 (with Lil Uzi Vert);25;12/07/2021;Kidd G;viral50
Antisocial;26;12/07/2021;Slump6s, BabySantana;viral50
Buy Dirt;27;12/07/2021;Jordan Davis, Luke Bryan;viral50
everything sucks;28;12/07/2021;vaultboy;viral50
Thot Shit;29;12/07/2021;Megan Thee Stallion;viral50
Dinero;30;12/07/2021;Trinidad Cardona;viral50
Headshots (4r Da Locals);31;12/07/2021;Isaiah Rashad;viral50
Coulda Loved You Longer;32;12/07/2021;Adam Doleac;viral50
LOST YOU;33;12/07/2021;Snoh Aalegra;viral50
A-O-K;34;12/07/2021;Tai Verdes;viral50
LAW OF AVERAGES;35;12/07/2021;Vince Staples;viral50
t r a n s p a r e n t s o u l feat. Travis Barker;36;12/07/2021;WILLOW;viral50
M√≥naco;37;12/07/2021;LAGOS, Danny Ocean;viral50
Todo De Ti;38;12/07/2021;Rauw Alejandro;viral50
Holiday;39;12/07/2021;KSI;viral50
White Woman‚Äôs Instagram;40;12/07/2021;Bo Burnham;viral50
Je te laisserai des mots;41;12/07/2021;Patrick Watson;viral50
spy?;42;12/07/2021;WHOKILLEDXIX;viral50
30;43;12/07/2021;Bo Burnham;viral50
Love Tonight - Edit;44;12/07/2021;Shouse;viral50
Loverboy;45;12/07/2021;A-Wall;viral50
The King;46;12/07/2021;Sarah Kinsley;viral50
Beggin (original version);47;12/07/2021;Madcon;viral50
That Funny Feeling;48;12/07/2021;Bo Burnham;viral50
Hex;49;12/07/2021;80purppp;viral50
EVERYTHING;50;12/07/2021;The Black Skirts;viral50
I Used to Care;1;13/07/2021;Louyah;viral50
Beggin';2;13/07/2021;M√•neskin;viral50
My Potna Dem;3;13/07/2021;$ilkMoney;viral50
Bezos I;4;13/07/2021;Bo Burnham;viral50
Fancy Like;5;13/07/2021;Walker Hayes;viral50
rises the moon;6;13/07/2021;Liana Flores;viral50
I WANNA BE YOUR SLAVE;7;13/07/2021;M√•neskin;viral50
As the World Caves In;8;13/07/2021;Sarah Cothran;viral50
Running Away;9;13/07/2021;VANO 3000, BADBADNOTGOOD, Samuel T. Herring;viral50
All Eyes On Me;10;13/07/2021;Bo Burnham;viral50
Shit;11;13/07/2021;Bo Burnham;viral50
Welcome to the Internet;12;13/07/2021;Bo Burnham;viral50
Pears;13;13/07/2021;Weston Estate;viral50
in heat.;14;13/07/2021;Hentai Xander;viral50
To the Hellfire;15;13/07/2021;Lorna Shore;viral50
Pain;16;13/07/2021;PinkPantheress;viral50
Essence (feat. Tems);17;13/07/2021;WizKid;viral50
flowers & sex;18;13/07/2021;EMELINE, smle;viral50
Antisocial 2;19;13/07/2021;BabySantana, Slump6s, Yung Fazo, Xhulooo, SSGKobe;viral50
Little Girls - From the Annie (2014) Original Movie Soundtrack;20;13/07/2021;Cameron Diaz;viral50
Spaceship;21;13/07/2021;Parti Carti;viral50
NUMB;22;13/07/2021;Chri$tian Gate$;viral50
Touchable;23;13/07/2021;Remble;viral50
Duvet;24;13/07/2021;b√¥a;viral50
Tiroteo - Remix;25;13/07/2021;Marc Segu√≠, Rauw Alejandro, Pol Granch;viral50
Antisocial;26;13/07/2021;Slump6s, BabySantana;viral50
Buy Dirt;27;13/07/2021;Jordan Davis, Luke Bryan;viral50
Thot Shit;28;13/07/2021;Megan Thee Stallion;viral50
everything sucks;29;13/07/2021;vaultboy;viral50
LOST YOU;30;13/07/2021;Snoh Aalegra;viral50
Dinero;31;13/07/2021;Trinidad Cardona;viral50
LAW OF AVERAGES;32;13/07/2021;Vince Staples;viral50
Headshots (4r Da Locals);33;13/07/2021;Isaiah Rashad;viral50
Coulda Loved You Longer;34;13/07/2021;Adam Doleac;viral50
t r a n s p a r e n t s o u l feat. Travis Barker;35;13/07/2021;WILLOW;viral50
A-O-K;36;13/07/2021;Tai Verdes;viral50
M√≥naco;37;13/07/2021;LAGOS, Danny Ocean;viral50
Je te laisserai des mots;38;13/07/2021;Patrick Watson;viral50
Holiday;39;13/07/2021;KSI;viral50
White Woman‚Äôs Instagram;40;13/07/2021;Bo Burnham;viral50
Loverboy;41;13/07/2021;A-Wall;viral50
30;42;13/07/2021;Bo Burnham;viral50
Todo De Ti;43;13/07/2021;Rauw Alejandro;viral50
spy?;44;13/07/2021;WHOKILLEDXIX;viral50
Love Tonight - Edit;45;13/07/2021;Shouse;viral50
The King;46;13/07/2021;Sarah Kinsley;viral50
Beggin (original version);47;13/07/2021;Madcon;viral50
Hex;48;13/07/2021;80purppp;viral50
That Funny Feeling;49;13/07/2021;Bo Burnham;viral50
Hora Loca;50;13/07/2021;The Change;viral50
I Used to Care;1;14/07/2021;Louyah;viral50
Beggin';2;14/07/2021;M√•neskin;viral50
My Potna Dem;3;14/07/2021;$ilkMoney;viral50
Bezos I;4;14/07/2021;Bo Burnham;viral50
Fancy Like;5;14/07/2021;Walker Hayes;viral50
I WANNA BE YOUR SLAVE;6;14/07/2021;M√•neskin;viral50
rises the moon;7;14/07/2021;Liana Flores;viral50
As the World Caves In;8;14/07/2021;Sarah Cothran;viral50
Running Away;9;14/07/2021;VANO 3000, BADBADNOTGOOD, Samuel T. Herring;viral50
All Eyes On Me;10;14/07/2021;Bo Burnham;viral50
Shit;11;14/07/2021;Bo Burnham;viral50
Welcome to the Internet;12;14/07/2021;Bo Burnham;viral50
Pears;13;14/07/2021;Weston Estate;viral50
in heat.;14;14/07/2021;Hentai Xander;viral50
To the Hellfire;15;14/07/2021;Lorna Shore;viral50
Essence (feat. Tems);16;14/07/2021;WizKid;viral50
Pain;17;14/07/2021;PinkPantheress;viral50
Duvet;18;14/07/2021;b√¥a;viral50
Spaceship;19;14/07/2021;evisu;viral50
flowers & sex;20;14/07/2021;EMELINE, smle;viral50
Antisocial 2;21;14/07/2021;BabySantana, Slump6s, Yung Fazo, Xhulooo, SSGKobe;viral50
NUMB;22;14/07/2021;Chri$tian Gate$;viral50
Touchable;23;14/07/2021;Remble;viral50
Little Girls - From the Annie (2014) Original Movie Soundtrack;24;14/07/2021;Cameron Diaz;viral50
Tiroteo - Remix;25;14/07/2021;Marc Segu√≠, Rauw Alejandro, Pol Granch;viral50
Antisocial;26;14/07/2021;Slump6s, BabySantana;viral50
Buy Dirt;27;14/07/2021;Jordan Davis, Luke Bryan;viral50
Teenage Dream 2 (with Lil Uzi Vert);28;14/07/2021;Kidd G;viral50
Thot Shit;29;14/07/2021;Megan Thee Stallion;viral50
everything sucks;30;14/07/2021;vaultboy;viral50
LAW OF AVERAGES;31;14/07/2021;Vince Staples;viral50
LOST YOU;32;14/07/2021;Snoh Aalegra;viral50
Dinero;33;14/07/2021;Trinidad Cardona;viral50
Coulda Loved You Longer;34;14/07/2021;Adam Doleac;viral50
M√≥naco;35;14/07/2021;LAGOS, Danny Ocean;viral50
Headshots (4r Da Locals);36;14/07/2021;Isaiah Rashad;viral50
A-O-K;37;14/07/2021;Tai Verdes;viral50
t r a n s p a r e n t s o u l feat. Travis Barker;38;14/07/2021;WILLOW;viral50
Loverboy;39;14/07/2021;A-Wall;viral50
White Woman‚Äôs Instagram;40;14/07/2021;Bo Burnham;viral50
30;41;14/07/2021;Bo Burnham;viral50
Je te laisserai des mots;42;14/07/2021;Patrick Watson;viral50
spy?;43;14/07/2021;WHOKILLEDXIX;viral50
Love Tonight - Edit;44;14/07/2021;Shouse;viral50
Todo De Ti;45;14/07/2021;Rauw Alejandro;viral50
Holiday;46;14/07/2021;KSI;viral50
The King;47;14/07/2021;Sarah Kinsley;viral50
Hora Loca;48;14/07/2021;The Change;viral50
Beggin (original version);49;14/07/2021;Madcon;viral50
That Funny Feeling;50;14/07/2021;Bo Burnham;viral50
I Used to Care;1;15/07/2021;Louyah;viral50
Beggin';2;15/07/2021;M√•neskin;viral50
My Potna Dem;3;15/07/2021;$ilkMoney;viral50
Bezos I;4;15/07/2021;Bo Burnham;viral50
Fancy Like;5;15/07/2021;Walker Hayes;viral50
I WANNA BE YOUR SLAVE;6;15/07/2021;M√•neskin;viral50
rises the moon;7;15/07/2021;Liana Flores;viral50
As the World Caves In;8;15/07/2021;Sarah Cothran;viral50
Running Away;9;15/07/2021;VANO 3000, BADBADNOTGOOD, Samuel T. Herring;viral50
All Eyes On Me;10;15/07/2021;Bo Burnham;viral50
Shit;11;15/07/2021;Bo Burnham;viral50
Welcome to the Internet;12;15/07/2021;Bo Burnham;viral50
in heat.;13;15/07/2021;Hentai Xander;viral50
Pears;14;15/07/2021;Weston Estate;viral50
To the Hellfire;15;15/07/2021;Lorna Shore;viral50
Essence (feat. Tems);16;15/07/2021;WizKid;viral50
Pain;17;15/07/2021;PinkPantheress;viral50
Spaceship;18;15/07/2021;evisu;viral50
Duvet;19;15/07/2021;b√¥a;viral50
flowers & sex;20;15/07/2021;EMELINE, smle;viral50
Touchable;21;15/07/2021;Remble;viral50
Antisocial 2;22;15/07/2021;BabySantana, Slump6s, Yung Fazo, Xhulooo, SSGKobe;viral50
NUMB;23;15/07/2021;Chri$tian Gate$;viral50
Tiroteo - Remix;24;15/07/2021;Marc Segu√≠, Rauw Alejandro, Pol Granch;viral50
Antisocial;25;15/07/2021;Slump6s, BabySantana;viral50
Buy Dirt;26;15/07/2021;Jordan Davis, Luke Bryan;viral50
Thot Shit;27;15/07/2021;Megan Thee Stallion;viral50
everything sucks;28;15/07/2021;vaultboy;viral50
LAW OF AVERAGES;29;15/07/2021;Vince Staples;viral50
LOST YOU;30;15/07/2021;Snoh Aalegra;viral50
Coulda Loved You Longer;31;15/07/2021;Adam Doleac;viral50
Dinero;32;15/07/2021;Trinidad Cardona;viral50
A-O-K;33;15/07/2021;Tai Verdes;viral50
t r a n s p a r e n t s o u l feat. Travis Barker;34;15/07/2021;WILLOW;viral50
Loverboy;35;15/07/2021;A-Wall;viral50
30;36;15/07/2021;Bo Burnham;viral50
M√≥naco;37;15/07/2021;LAGOS, Danny Ocean;viral50
White Woman‚Äôs Instagram;38;15/07/2021;Bo Burnham;viral50
Headshots (4r Da Locals);39;15/07/2021;Isaiah Rashad;viral50
Love Tonight - Edit;40;15/07/2021;Shouse;viral50
Je te laisserai des mots;41;15/07/2021;Patrick Watson;viral50
spy?;42;15/07/2021;WHOKILLEDXIX;viral50
Holiday;43;15/07/2021;KSI;viral50
Todo De Ti;44;15/07/2021;Rauw Alejandro;viral50
Hora Loca;45;15/07/2021;The Change;viral50
The King;46;15/07/2021;Sarah Kinsley;viral50
Beggin (original version);47;15/07/2021;Madcon;viral50
EVERYTHING;48;15/07/2021;The Black Skirts;viral50
Anti-Romantic;49;15/07/2021;TOMORROW X TOGETHER;viral50
That Funny Feeling;50;15/07/2021;Bo Burnham;viral50
I Used to Care;1;16/07/2021;Louyah;viral50
Beggin';2;16/07/2021;M√•neskin;viral50
Bezos I;3;16/07/2021;Bo Burnham;viral50
My Potna Dem;4;16/07/2021;$ilkMoney;viral50
Fancy Like;5;16/07/2021;Walker Hayes;viral50
I WANNA BE YOUR SLAVE;6;16/07/2021;M√•neskin;viral50
rises the moon;7;16/07/2021;Liana Flores;viral50
As the World Caves In;8;16/07/2021;Sarah Cothran;viral50
Running Away;9;16/07/2021;VANO 3000, BADBADNOTGOOD, Samuel T. Herring;viral50
Spaceship;10;16/07/2021;Parti Carti;viral50
All Eyes On Me;11;16/07/2021;Bo Burnham;viral50
Shit;12;16/07/2021;Bo Burnham;viral50
Welcome to the Internet;13;16/07/2021;Bo Burnham;viral50
in heat.;14;16/07/2021;Hentai Xander;viral50
Pears;15;16/07/2021;Weston Estate;viral50
Pain;16;16/07/2021;PinkPantheress;viral50
Essence (feat. Tems);17;16/07/2021;WizKid;viral50
To the Hellfire;18;16/07/2021;Lorna Shore;viral50
Duvet;19;16/07/2021;b√¥a;viral50
flowers & sex;20;16/07/2021;EMELINE, smle;viral50
Touchable;21;16/07/2021;Remble;viral50
Antisocial 2;22;16/07/2021;BabySantana, Slump6s, Yung Fazo, Xhulooo, SSGKobe;viral50
NUMB;23;16/07/2021;Chri$tian Gate$;viral50
Tiroteo - Remix;24;16/07/2021;Marc Segu√≠, Rauw Alejandro, Pol Granch;viral50
Antisocial;25;16/07/2021;Slump6s, BabySantana;viral50
Buy Dirt;26;16/07/2021;Jordan Davis, Luke Bryan;viral50
Teenage Dream 2 (with Lil Uzi Vert);27;16/07/2021;Kidd G;viral50
Thot Shit;28;16/07/2021;Megan Thee Stallion;viral50
everything sucks;29;16/07/2021;vaultboy;viral50
t r a n s p a r e n t s o u l feat. Travis Barker;30;16/07/2021;WILLOW;viral50
Loverboy;31;16/07/2021;A-Wall;viral50
LAW OF AVERAGES;32;16/07/2021;Vince Staples;viral50
A-O-K;33;16/07/2021;Tai Verdes;viral50
Dinero;34;16/07/2021;Trinidad Cardona;viral50
Coulda Loved You Longer;35;16/07/2021;Adam Doleac;viral50
Love Tonight - Edit;36;16/07/2021;Shouse;viral50
30;37;16/07/2021;Bo Burnham;viral50
M√≥naco;38;16/07/2021;LAGOS, Danny Ocean;viral50
Holiday;39;16/07/2021;KSI;viral50
Je te laisserai des mots;40;16/07/2021;Patrick Watson;viral50
LOST YOU;41;16/07/2021;Snoh Aalegra;viral50
White Woman‚Äôs Instagram;42;16/07/2021;Bo Burnham;viral50
Todo De Ti;43;16/07/2021;Rauw Alejandro;viral50
spy?;44;16/07/2021;WHOKILLEDXIX;viral50
Headshots (4r Da Locals);45;16/07/2021;Isaiah Rashad;viral50
EVERYTHING;46;16/07/2021;The Black Skirts;viral50
Hora Loca;47;16/07/2021;The Change;viral50
The King;48;16/07/2021;Sarah Kinsley;viral50
Beggin (original version);49;16/07/2021;Madcon;viral50
23;50;16/07/2021;Chayce Beckham;viral50
I Used to Care;1;17/07/2021;Louyah;viral50
Beggin';2;17/07/2021;M√•neskin;viral50
Bezos I;3;17/07/2021;Bo Burnham;viral50
My Potna Dem;4;17/07/2021;$ilkMoney;viral50
Fancy Like;5;17/07/2021;Walker Hayes;viral50
I WANNA BE YOUR SLAVE;6;17/07/2021;M√•neskin;viral50
rises the moon;7;17/07/2021;Liana Flores;viral50
As the World Caves In;8;17/07/2021;Sarah Cothran;viral50
Running Away;9;17/07/2021;VANO 3000, BADBADNOTGOOD, Samuel T. Herring;viral50
Spaceship;10;17/07/2021;Parti Carti;viral50
All Eyes On Me;11;17/07/2021;Bo Burnham;viral50
Shit;12;17/07/2021;Bo Burnham;viral50
Welcome to the Internet;13;17/07/2021;Bo Burnham;viral50
in heat.;14;17/07/2021;Hentai Xander;viral50
Pain;15;17/07/2021;PinkPantheress;viral50
Essence (feat. Tems);16;17/07/2021;WizKid;viral50
Pears;17;17/07/2021;Weston Estate;viral50
Duvet;18;17/07/2021;b√¥a;viral50
Touchable;19;17/07/2021;Remble;viral50
To the Hellfire;20;17/07/2021;Lorna Shore;viral50
flowers & sex;21;17/07/2021;EMELINE, smle;viral50
Just a Friend;22;17/07/2021;Biz Markie;viral50
Antisocial 2;23;17/07/2021;BabySantana, Slump6s, Yung Fazo, Xhulooo, SSGKobe;viral50
Tiroteo - Remix;24;17/07/2021;Marc Segu√≠, Rauw Alejandro, Pol Granch;viral50
Antisocial;25;17/07/2021;Slump6s, BabySantana;viral50
NUMB;26;17/07/2021;Chri$tian Gate$;viral50
Buy Dirt;27;17/07/2021;Jordan Davis, Luke Bryan;viral50
Thot Shit;28;17/07/2021;Megan Thee Stallion;viral50
everything sucks;29;17/07/2021;vaultboy;viral50
t r a n s p a r e n t s o u l feat. Travis Barker;30;17/07/2021;WILLOW;viral50
Teenage Dream 2 (with Lil Uzi Vert);31;17/07/2021;Kidd G;viral50
Loverboy;32;17/07/2021;A-Wall;viral50
A-O-K;33;17/07/2021;Tai Verdes;viral50
Love Tonight - Edit;34;17/07/2021;Shouse;viral50
Todo De Ti;35;17/07/2021;Rauw Alejandro;viral50
Holiday;36;17/07/2021;KSI;viral50
Je te laisserai des mots;37;17/07/2021;Patrick Watson;viral50
Coulda Loved You Longer;38;17/07/2021;Adam Doleac;viral50
30;39;17/07/2021;Bo Burnham;viral50
M√≥naco;40;17/07/2021;LAGOS, Danny Ocean;viral50
LAW OF AVERAGES;41;17/07/2021;Vince Staples;viral50
Dinero;42;17/07/2021;Trinidad Cardona;viral50
White Woman‚Äôs Instagram;43;17/07/2021;Bo Burnham;viral50
spy?;44;17/07/2021;WHOKILLEDXIX;viral50
Need To Know;45;17/07/2021;Doja Cat;viral50
EVERYTHING;46;17/07/2021;The Black Skirts;viral50
Headshots (4r Da Locals);47;17/07/2021;Isaiah Rashad;viral50
Hora Loca;48;17/07/2021;The Change;viral50
Last One Standing (feat. Polo G & Mozzy & Eminem) - From Venom: Let There Be Carnage;49;17/07/2021;John Mayer;viral50
Beggin (original version);50;17/07/2021;Madcon;viral50
I Used to Care;1;18/07/2021;Louyah;viral50
Beggin';2;18/07/2021;M√•neskin;viral50
Bezos I;3;18/07/2021;Bo Burnham;viral50
My Potna Dem;4;18/07/2021;$ilkMoney;viral50
Fancy Like;5;18/07/2021;Walker Hayes;viral50
I WANNA BE YOUR SLAVE;6;18/07/2021;M√•neskin;viral50
rises the moon;7;18/07/2021;Liana Flores;viral50
Running Away;8;18/07/2021;VANO 3000, BADBADNOTGOOD, Samuel T. Herring;viral50
As the World Caves In;9;18/07/2021;Sarah Cothran;viral50
All Eyes On Me;10;18/07/2021;Bo Burnham;viral50
Shit;11;18/07/2021;Bo Burnham;viral50
in heat.;12;18/07/2021;Hentai Xander;viral50
Welcome to the Internet;13;18/07/2021;Bo Burnham;viral50
Just a Friend;14;18/07/2021;Biz Markie;viral50
Pain;15;18/07/2021;PinkPantheress;viral50
Essence (feat. Tems);16;18/07/2021;WizKid;viral50
Duvet;17;18/07/2021;b√¥a;viral50
Touchable;18;18/07/2021;Remble;viral50
Pears;19;18/07/2021;Weston Estate;viral50
To the Hellfire;20;18/07/2021;Lorna Shore;viral50
Spaceship;21;18/07/2021;Parti Carti;viral50
Love Tonight - David Guetta Remix Edit;22;18/07/2021;Shouse;viral50
flowers & sex;23;18/07/2021;EMELINE, smle;viral50
Antisocial 2;24;18/07/2021;BabySantana, Slump6s, Yung Fazo, Xhulooo, SSGKobe;viral50
Tiroteo - Remix;25;18/07/2021;Marc Segu√≠, Rauw Alejandro, Pol Granch;viral50
Antisocial;26;18/07/2021;Slump6s, BabySantana;viral50
NUMB;27;18/07/2021;Chri$tian Gate$;viral50
My Jesus;28;18/07/2021;Anne Wilson;viral50
Buy Dirt;29;18/07/2021;Jordan Davis, Luke Bryan;viral50
Thot Shit;30;18/07/2021;Megan Thee Stallion;viral50
t r a n s p a r e n t s o u l feat. Travis Barker;31;18/07/2021;WILLOW;viral50
everything sucks;32;18/07/2021;vaultboy;viral50
A-O-K;33;18/07/2021;Tai Verdes;viral50
Loverboy;34;18/07/2021;A-Wall;viral50
Love Tonight - Edit;35;18/07/2021;Shouse;viral50
Holiday;36;18/07/2021;KSI;viral50
Je te laisserai des mots;37;18/07/2021;Patrick Watson;viral50
Todo De Ti;38;18/07/2021;Rauw Alejandro;viral50
Last One Standing (feat. Polo G & Mozzy & Eminem) - From Venom: Let There Be Carnage;39;18/07/2021;John Mayer;viral50
M√≥naco;40;18/07/2021;LAGOS, Danny Ocean;viral50
Coulda Loved You Longer;41;18/07/2021;Adam Doleac;viral50
30;42;18/07/2021;Bo Burnham;viral50
Need To Know;43;18/07/2021;Doja Cat;viral50
Dinero;44;18/07/2021;Trinidad Cardona;viral50
EVERYTHING;45;18/07/2021;The Black Skirts;viral50
White Woman‚Äôs Instagram;46;18/07/2021;Bo Burnham;viral50
spy?;47;18/07/2021;WHOKILLEDXIX;viral50
Hora Loca;48;18/07/2021;The Change;viral50
LAW OF AVERAGES;49;18/07/2021;Vince Staples;viral50
Headshots (4r Da Locals);50;18/07/2021;Isaiah Rashad;viral50
I Used to Care;1;19/07/2021;Louyah;viral50
Beggin';2;19/07/2021;M√•neskin;viral50
Bezos I;3;19/07/2021;Bo Burnham;viral50
My Potna Dem;4;19/07/2021;$ilkMoney;viral50
Fancy Like;5;19/07/2021;Walker Hayes;viral50
I WANNA BE YOUR SLAVE;6;19/07/2021;M√•neskin;viral50
rises the moon;7;19/07/2021;Liana Flores;viral50
As the World Caves In;8;19/07/2021;Sarah Cothran;viral50
GYALIS;9;19/07/2021;Capella Grey;viral50
Just a Friend;10;19/07/2021;Biz Markie;viral50
Ride the Lightning (717 Tapes);11;19/07/2021;Warren Zeiders;viral50
Ain't Shit;12;19/07/2021;Doja Cat;viral50
Running Away;13;19/07/2021;VANO 3000, BADBADNOTGOOD, Samuel T. Herring;viral50
Duvet;14;19/07/2021;b√¥a;viral50
in heat.;15;19/07/2021;Hentai Xander;viral50
Shit;16;19/07/2021;Bo Burnham;viral50
Touchable;17;19/07/2021;Remble;viral50
All Eyes On Me;18;19/07/2021;Bo Burnham;viral50
Essence (feat. Tems);19;19/07/2021;WizKid;viral50
Pears;20;19/07/2021;Weston Estate;viral50
Bad Habits;21;19/07/2021;Ed Sheeran;viral50
Love Tonight - David Guetta Remix Edit;22;19/07/2021;Shouse;viral50
Welcome to the Internet;23;19/07/2021;Bo Burnham;viral50
Pain;24;19/07/2021;PinkPantheress;viral50
Spaceship;25;19/07/2021;Parti Carti;viral50
Tiroteo - Remix;26;19/07/2021;Marc Segu√≠, Rauw Alejandro, Pol Granch;viral50
Antisocial 2;27;19/07/2021;BabySantana, Slump6s, Yung Fazo, Xhulooo, SSGKobe;viral50
Butterflies;28;19/07/2021;Fase Yoda;viral50
Pepas;29;19/07/2021;Farruko;viral50
To the Hellfire;30;19/07/2021;Lorna Shore;viral50
flowers & sex;31;19/07/2021;EMELINE, smle;viral50
Buy Dirt;32;19/07/2021;Jordan Davis, Luke Bryan;viral50
Antisocial;33;19/07/2021;Slump6s, BabySantana;viral50
My Jesus;34;19/07/2021;Anne Wilson;viral50
NUMB;35;19/07/2021;Chri$tian Gate$;viral50
Butterflies;36;19/07/2021;MAX, Ali Gatie;viral50
Colt 45 (Country Remix);37;19/07/2021;Cooper Alan, Rvshvd;viral50
t r a n s p a r e n t s o u l feat. Travis Barker;38;19/07/2021;WILLOW;viral50
Last One Standing (feat. Polo G & Mozzy & Eminem) - From Venom: Let There Be Carnage;39;19/07/2021;John Mayer;viral50
You Right;40;19/07/2021;Doja Cat, The Weeknd;viral50
dancing in the kitchen;41;19/07/2021;LANY;viral50
Loverboy;42;19/07/2021;A-Wall;viral50
After Dark;43;19/07/2021;Mr.Kitty;viral50
M√≥naco;44;19/07/2021;LAGOS, Danny Ocean;viral50
MMM MMM (feat. ATL Jacob);45;19/07/2021;Kali;viral50
A-O-K;46;19/07/2021;Tai Verdes;viral50
Je te laisserai des mots;47;19/07/2021;Patrick Watson;viral50
WUSYANAME (feat. Youngboy Never Broke Again & Ty Dolla $ign);48;19/07/2021;Tyler, The Creator;viral50
Coulda Loved You Longer;49;19/07/2021;Adam Doleac;viral50
Thot Shit;50;19/07/2021;Megan Thee Stallion;viral50
I Used to Care;1;20/07/2021;Louyah;viral50
Beggin';2;20/07/2021;M√•neskin;viral50
Bezos I;3;20/07/2021;Bo Burnham;viral50
Fancy Like;4;20/07/2021;Walker Hayes;viral50
My Potna Dem;5;20/07/2021;$ilkMoney;viral50
I WANNA BE YOUR SLAVE;6;20/07/2021;M√•neskin;viral50
rises the moon;7;20/07/2021;Liana Flores;viral50
GYALIS;8;20/07/2021;Capella Grey;viral50
Just a Friend;9;20/07/2021;Biz Markie;viral50
As the World Caves In;10;20/07/2021;Sarah Cothran;viral50
Ride the Lightning (717 Tapes);11;20/07/2021;Warren Zeiders;viral50
Ain't Shit;12;20/07/2021;Doja Cat;viral50
Running Away;13;20/07/2021;VANO 3000, BADBADNOTGOOD, Samuel T. Herring;viral50
Duvet;14;20/07/2021;b√¥a;viral50
in heat.;15;20/07/2021;Hentai Xander;viral50
Touchable;16;20/07/2021;Remble;viral50
Shit;17;20/07/2021;Bo Burnham;viral50
Essence (feat. Tems);18;20/07/2021;WizKid;viral50
All Eyes On Me;19;20/07/2021;Bo Burnham;viral50
Love Tonight - David Guetta Remix Edit;20;20/07/2021;Shouse;viral50
Pain;21;20/07/2021;PinkPantheress;viral50
Pears;22;20/07/2021;Weston Estate;viral50
Welcome to the Internet;23;20/07/2021;Bo Burnham;viral50
Tiroteo - Remix;24;20/07/2021;Marc Segu√≠, Rauw Alejandro, Pol Granch;viral50
Bad Habits;25;20/07/2021;Ed Sheeran;viral50
Spaceship;26;20/07/2021;Parti Carti;viral50
Antisocial 2;27;20/07/2021;BabySantana, Slump6s, Yung Fazo, Xhulooo, SSGKobe;viral50
Pepas;28;20/07/2021;Farruko;viral50
flowers & sex;29;20/07/2021;EMELINE, smle;viral50
My Jesus;30;20/07/2021;Anne Wilson;viral50
Buy Dirt;31;20/07/2021;Jordan Davis, Luke Bryan;viral50
Antisocial;32;20/07/2021;Slump6s, BabySantana;viral50
NUMB;33;20/07/2021;Chri$tian Gate$;viral50
Colt 45 (Country Remix);34;20/07/2021;Cooper Alan, Rvshvd;viral50
Last Train Home;35;20/07/2021;John Mayer;viral50
t r a n s p a r e n t s o u l feat. Travis Barker;36;20/07/2021;WILLOW;viral50
After Dark;37;20/07/2021;Mr.Kitty;viral50
You Right;38;20/07/2021;Doja Cat, The Weeknd;viral50
Loverboy;39;20/07/2021;A-Wall;viral50
Butterflies;40;20/07/2021;MAX, Ali Gatie;viral50
M√≥naco;41;20/07/2021;LAGOS, Danny Ocean;viral50
A-O-K;42;20/07/2021;Tai Verdes;viral50
dancing in the kitchen;43;20/07/2021;LANY;viral50
Je te laisserai des mots;44;20/07/2021;Patrick Watson;viral50
MMM MMM (feat. ATL Jacob);45;20/07/2021;Kali;viral50
Love Tonight - Edit;46;20/07/2021;Shouse;viral50
WUSYANAME (feat. Youngboy Never Broke Again & Ty Dolla $ign);47;20/07/2021;Tyler, The Creator;viral50
Thot Shit;48;20/07/2021;Megan Thee Stallion;viral50
2055;49;20/07/2021;Sleepy Hallow;viral50
Coulda Loved You Longer;50;20/07/2021;Adam Doleac;viral50
I Used to Care;1;21/07/2021;Louyah;viral50
Bezos I;2;21/07/2021;Bo Burnham;viral50
Beggin';3;21/07/2021;M√•neskin;viral50
Fancy Like;4;21/07/2021;Walker Hayes;viral50
My Potna Dem;5;21/07/2021;$ilkMoney;viral50
I WANNA BE YOUR SLAVE;6;21/07/2021;M√•neskin;viral50
rises the moon;7;21/07/2021;Liana Flores;viral50
GYALIS;8;21/07/2021;Capella Grey;viral50
Just a Friend;9;21/07/2021;Biz Markie;viral50
As the World Caves In;10;21/07/2021;Sarah Cothran;viral50
Ride the Lightning (717 Tapes);11;21/07/2021;Warren Zeiders;viral50
Ain't Shit;12;21/07/2021;Doja Cat;viral50
Duvet;13;21/07/2021;b√¥a;viral50
Running Away;14;21/07/2021;VANO 3000, BADBADNOTGOOD, Samuel T. Herring;viral50
Touchable;15;21/07/2021;Remble;viral50
in heat.;16;21/07/2021;Hentai Xander;viral50
Shit;17;21/07/2021;Bo Burnham;viral50
Essence (feat. Tems);18;21/07/2021;WizKid;viral50
Pears;19;21/07/2021;Weston Estate;viral50
Beethoven;20;21/07/2021;Kenndog;viral50
Love Tonight - David Guetta Remix Edit;21;21/07/2021;Shouse;viral50
All Eyes On Me;22;21/07/2021;Bo Burnham;viral50
Tiroteo - Remix;23;21/07/2021;Marc Segu√≠, Rauw Alejandro, Pol Granch;viral50
Pain;24;21/07/2021;PinkPantheress;viral50
Welcome to the Internet;25;21/07/2021;Bo Burnham;viral50
Bad Habits;26;21/07/2021;Ed Sheeran;viral50
Pepas;27;21/07/2021;Farruko;viral50
Antisocial 2;28;21/07/2021;BabySantana, Slump6s, Yung Fazo, Xhulooo, SSGKobe;viral50
Spaceship;29;21/07/2021;evisu;viral50
flowers & sex;30;21/07/2021;EMELINE, smle;viral50
My Jesus;31;21/07/2021;Anne Wilson;viral50
Antisocial;32;21/07/2021;Slump6s, BabySantana;viral50
Buy Dirt;33;21/07/2021;Jordan Davis, Luke Bryan;viral50
Last Train Home;34;21/07/2021;John Mayer;viral50
NUMB;35;21/07/2021;Chri$tian Gate$;viral50
After Dark;36;21/07/2021;Mr.Kitty;viral50
t r a n s p a r e n t s o u l feat. Travis Barker;37;21/07/2021;WILLOW;viral50
Colt 45 (Country Remix);38;21/07/2021;Cooper Alan, Rvshvd;viral50
Loverboy;39;21/07/2021;A-Wall;viral50
A-O-K;40;21/07/2021;Tai Verdes;viral50
You Right;41;21/07/2021;Doja Cat, The Weeknd;viral50
Je te laisserai des mots;42;21/07/2021;Patrick Watson;viral50
Vapors;43;21/07/2021;Biz Markie;viral50
2055;44;21/07/2021;Sleepy Hallow;viral50
Bezos II;45;21/07/2021;Bo Burnham;viral50
MMM MMM (feat. ATL Jacob);46;21/07/2021;Kali;viral50
dancing in the kitchen;47;21/07/2021;LANY;viral50
M√≥naco;48;21/07/2021;LAGOS, Danny Ocean;viral50
Love Tonight - Edit;49;21/07/2021;Shouse;viral50
WUSYANAME (feat. Youngboy Never Broke Again & Ty Dolla $ign);50;21/07/2021;Tyler, The Creator;viral50
Bezos I;1;22/07/2021;Bo Burnham;viral50
I Used to Care;2;22/07/2021;Louyah;viral50
Beggin';3;22/07/2021;M√•neskin;viral50
Fancy Like;4;22/07/2021;Walker Hayes;viral50
My Potna Dem;5;22/07/2021;$ilkMoney;viral50
I WANNA BE YOUR SLAVE;6;22/07/2021;M√•neskin;viral50
rises the moon;7;22/07/2021;Liana Flores;viral50
GYALIS;8;22/07/2021;Capella Grey;viral50
Just a Friend;9;22/07/2021;Biz Markie;viral50
As the World Caves In;10;22/07/2021;Sarah Cothran;viral50
Duvet;11;22/07/2021;b√¥a;viral50
Ride the Lightning (717 Tapes);12;22/07/2021;Warren Zeiders;viral50
Ain't Shit;13;22/07/2021;Doja Cat;viral50
Touchable;14;22/07/2021;Remble;viral50
Beethoven;15;22/07/2021;Kenndog;viral50
Running Away;16;22/07/2021;VANO 3000, BADBADNOTGOOD, Samuel T. Herring;viral50
Essence (feat. Tems);17;22/07/2021;WizKid;viral50
in heat.;18;22/07/2021;Hentai Xander;viral50
Pears;19;22/07/2021;Weston Estate;viral50
Shit;20;22/07/2021;Bo Burnham;viral50
Love Tonight - David Guetta Remix Edit;21;22/07/2021;Shouse;viral50
Tiroteo - Remix;22;22/07/2021;Marc Segu√≠, Rauw Alejandro, Pol Granch;viral50
Pain;23;22/07/2021;PinkPantheress;viral50
All Eyes On Me;24;22/07/2021;Bo Burnham;viral50
Welcome to the Internet;25;22/07/2021;Bo Burnham;viral50
Pepas;26;22/07/2021;Farruko;viral50
Antisocial 2;27;22/07/2021;BabySantana, Slump6s, Yung Fazo, Xhulooo, SSGKobe;viral50
Bad Habits;28;22/07/2021;Ed Sheeran;viral50
OK Cool (Bonus);29;22/07/2021;CEO Trayle;viral50
Spaceship;30;22/07/2021;evisu;viral50
Antisocial;31;22/07/2021;Slump6s, BabySantana;viral50
flowers & sex;32;22/07/2021;EMELINE, smle;viral50
My Jesus;33;22/07/2021;Anne Wilson;viral50
After Dark;34;22/07/2021;Mr.Kitty;viral50
Buy Dirt;35;22/07/2021;Jordan Davis, Luke Bryan;viral50
Last Train Home;36;22/07/2021;John Mayer;viral50
Loverboy;37;22/07/2021;A-Wall;viral50
t r a n s p a r e n t s o u l feat. Travis Barker;38;22/07/2021;WILLOW;viral50
NUMB;39;22/07/2021;Chri$tian Gate$;viral50
Colt 45 (Country Remix);40;22/07/2021;Cooper Alan, Rvshvd;viral50
2055;41;22/07/2021;Sleepy Hallow;viral50
Vapors;42;22/07/2021;Biz Markie;viral50
Bezos II;43;22/07/2021;Bo Burnham;viral50
You Right;44;22/07/2021;Doja Cat, The Weeknd;viral50
A-O-K;45;22/07/2021;Tai Verdes;viral50
everything sucks;46;22/07/2021;vaultboy;viral50
Je te laisserai des mots;47;22/07/2021;Patrick Watson;viral50
Love Tonight - Edit;48;22/07/2021;Shouse;viral50
MMM MMM (feat. ATL Jacob);49;22/07/2021;Kali;viral50
M√≥naco;50;22/07/2021;LAGOS, Danny Ocean;viral50
Bezos I;1;23/07/2021;Bo Burnham;viral50
I Used to Care;2;23/07/2021;Louyah;viral50
Beggin';3;23/07/2021;M√•neskin;viral50
Fancy Like;4;23/07/2021;Walker Hayes;viral50
My Potna Dem;5;23/07/2021;$ilkMoney;viral50
I WANNA BE YOUR SLAVE;6;23/07/2021;M√•neskin;viral50
rises the moon;7;23/07/2021;Liana Flores;viral50
GYALIS;8;23/07/2021;Capella Grey;viral50
Just a Friend;9;23/07/2021;Biz Markie;viral50
As the World Caves In;10;23/07/2021;Sarah Cothran;viral50
Duvet;11;23/07/2021;b√¥a;viral50
Beethoven;12;23/07/2021;Kenndog;viral50
Ride the Lightning (717 Tapes);13;23/07/2021;Warren Zeiders;viral50
Ain't Shit;14;23/07/2021;Doja Cat;viral50
Touchable;15;23/07/2021;Remble;viral50
Running Away;16;23/07/2021;VANO 3000, BADBADNOTGOOD, Samuel T. Herring;viral50
Essence (feat. Tems);17;23/07/2021;WizKid;viral50
Pears;18;23/07/2021;Weston Estate;viral50
in heat.;19;23/07/2021;Hentai Xander;viral50
Shit;20;23/07/2021;Bo Burnham;viral50
Love Tonight - David Guetta Remix Edit;21;23/07/2021;Shouse;viral50
Tiroteo - Remix;22;23/07/2021;Marc Segu√≠, Rauw Alejandro, Pol Granch;viral50
Pepas;23;23/07/2021;Farruko;viral50
Pain;24;23/07/2021;PinkPantheress;viral50
Welcome to the Internet;25;23/07/2021;Bo Burnham;viral50
OK Cool (Bonus);26;23/07/2021;CEO Trayle;viral50
All Eyes On Me;27;23/07/2021;Bo Burnham;viral50
Bad Habits;28;23/07/2021;Ed Sheeran;viral50
Antisocial 2;29;23/07/2021;BabySantana, Slump6s, Yung Fazo, Xhulooo, SSGKobe;viral50
Spaceship;30;23/07/2021;evisu;viral50
Butterflies;31;23/07/2021;Fase Yoda;viral50
Antisocial;32;23/07/2021;Slump6s, BabySantana;viral50
After Dark;33;23/07/2021;Mr.Kitty;viral50
My Jesus;34;23/07/2021;Anne Wilson;viral50
Loverboy;35;23/07/2021;A-Wall;viral50
flowers & sex;36;23/07/2021;EMELINE, smle;viral50
Buy Dirt;37;23/07/2021;Jordan Davis, Luke Bryan;viral50
NUMB;38;23/07/2021;Chri$tian Gate$;viral50
2055;39;23/07/2021;Sleepy Hallow;viral50
t r a n s p a r e n t s o u l feat. Travis Barker;40;23/07/2021;WILLOW;viral50
Colt 45 (Country Remix);41;23/07/2021;Cooper Alan, Rvshvd;viral50
Vapors;42;23/07/2021;Biz Markie;viral50
Bezos II;43;23/07/2021;Bo Burnham;viral50
everything sucks;44;23/07/2021;vaultboy;viral50
Love Tonight - Edit;45;23/07/2021;Shouse;viral50
Je te laisserai des mots;46;23/07/2021;Patrick Watson;viral50
A-O-K;47;23/07/2021;Tai Verdes;viral50
You Right;48;23/07/2021;Doja Cat, The Weeknd;viral50
double take;49;23/07/2021;dhruv;viral50
M√≥naco;50;23/07/2021;LAGOS, Danny Ocean;viral50
Bezos I;1;24/07/2021;Bo Burnham;viral50
I Used to Care;2;24/07/2021;Louyah;viral50
Beggin';3;24/07/2021;M√•neskin;viral50
Fancy Like;4;24/07/2021;Walker Hayes;viral50
My Potna Dem;5;24/07/2021;$ilkMoney;viral50
I WANNA BE YOUR SLAVE;6;24/07/2021;M√•neskin;viral50
rises the moon;7;24/07/2021;Liana Flores;viral50
GYALIS;8;24/07/2021;Capella Grey;viral50
As the World Caves In;9;24/07/2021;Sarah Cothran;viral50
Beethoven;10;24/07/2021;Kenndog;viral50
Duvet;11;24/07/2021;b√¥a;viral50
Touchable;12;24/07/2021;Remble;viral50
Ride the Lightning (717 Tapes);13;24/07/2021;Warren Zeiders;viral50
Ain't Shit;14;24/07/2021;Doja Cat;viral50
Essence (feat. Tems);15;24/07/2021;WizKid;viral50
Pears;16;24/07/2021;Weston Estate;viral50
Running Away;17;24/07/2021;VANO 3000, BADBADNOTGOOD, Samuel T. Herring;viral50
Pepas;18;24/07/2021;Farruko;viral50
Tiroteo - Remix;19;24/07/2021;Marc Segu√≠, Rauw Alejandro, Pol Granch;viral50
Shit;20;24/07/2021;Bo Burnham;viral50
in heat.;21;24/07/2021;Hentai Xander;viral50
Love Tonight - David Guetta Remix Edit;22;24/07/2021;Shouse;viral50
Pain;23;24/07/2021;PinkPantheress;viral50
Welcome to the Internet;24;24/07/2021;Bo Burnham;viral50
OK Cool (Bonus);25;24/07/2021;CEO Trayle;viral50
Bad Habits;26;24/07/2021;Ed Sheeran;viral50
Antisocial 2;27;24/07/2021;BabySantana, Slump6s, Yung Fazo, Xhulooo, SSGKobe;viral50
Spaceship;28;24/07/2021;evisu;viral50
All Eyes On Me;29;24/07/2021;Bo Burnham;viral50
Loverboy;30;24/07/2021;A-Wall;viral50
Antisocial;31;24/07/2021;Slump6s, BabySantana;viral50
Butterflies;32;24/07/2021;Fase Yoda;viral50
My Jesus;33;24/07/2021;Anne Wilson;viral50
After Dark;34;24/07/2021;Mr.Kitty;viral50
Buy Dirt;35;24/07/2021;Jordan Davis, Luke Bryan;viral50
flowers & sex;36;24/07/2021;EMELINE, smle;viral50
2055;37;24/07/2021;Sleepy Hallow;viral50
NUMB;38;24/07/2021;Chri$tian Gate$;viral50
Not Around;39;24/07/2021;Nova;viral50
Love Tonight - Edit;40;24/07/2021;Shouse;viral50
Bezos II;41;24/07/2021;Bo Burnham;viral50
Colt 45 (Country Remix);42;24/07/2021;Cooper Alan, Rvshvd;viral50
everything sucks;43;24/07/2021;vaultboy;viral50
t r a n s p a r e n t s o u l feat. Travis Barker;44;24/07/2021;WILLOW;viral50
SAME ENERGY;45;24/07/2021;The Kid LAROI;viral50
Je te laisserai des mots;46;24/07/2021;Patrick Watson;viral50
double take;47;24/07/2021;dhruv;viral50
A-O-K;48;24/07/2021;Tai Verdes;viral50
M√≥naco;49;24/07/2021;LAGOS, Danny Ocean;viral50
You Right;50;24/07/2021;Doja Cat, The Weeknd;viral50
Bezos I;1;25/07/2021;Bo Burnham;viral50
I Used to Care;2;25/07/2021;Louyah;viral50
Beggin';3;25/07/2021;M√•neskin;viral50
Fancy Like;4;25/07/2021;Walker Hayes;viral50
My Potna Dem;5;25/07/2021;$ilkMoney;viral50
I WANNA BE YOUR SLAVE;6;25/07/2021;M√•neskin;viral50
rises the moon;7;25/07/2021;Liana Flores;viral50
GYALIS;8;25/07/2021;Capella Grey;viral50
As the World Caves In;9;25/07/2021;Sarah Cothran;viral50
Beethoven;10;25/07/2021;Kenndog;viral50
Duvet;11;25/07/2021;b√¥a;viral50
Pears;12;25/07/2021;Weston Estate;viral50
Touchable;13;25/07/2021;Remble;viral50
Pepas;14;25/07/2021;Farruko;viral50
Ride the Lightning (717 Tapes);15;25/07/2021;Warren Zeiders;viral50
Ain't Shit;16;25/07/2021;Doja Cat;viral50
Essence (feat. Tems);17;25/07/2021;WizKid;viral50
Running Away;18;25/07/2021;VANO 3000, BADBADNOTGOOD, Samuel T. Herring;viral50
Shit;19;25/07/2021;Bo Burnham;viral50
Pain;20;25/07/2021;PinkPantheress;viral50
Love Tonight - David Guetta Remix Edit;21;25/07/2021;Shouse;viral50
in heat.;22;25/07/2021;Hentai Xander;viral50
Tiroteo - Remix;23;25/07/2021;Marc Segu√≠, Rauw Alejandro, Pol Granch;viral50
Loverboy;24;25/07/2021;A-Wall;viral50
OK Cool (Bonus);25;25/07/2021;CEO Trayle;viral50
Welcome to the Internet;26;25/07/2021;Bo Burnham;viral50
Bad Habits;27;25/07/2021;Ed Sheeran;viral50
Antisocial 2;28;25/07/2021;BabySantana, Slump6s, Yung Fazo, Xhulooo, SSGKobe;viral50
Antisocial;29;25/07/2021;Slump6s, BabySantana;viral50
Spaceship;30;25/07/2021;evisu;viral50
Butterflies;31;25/07/2021;Fase Yoda;viral50
All Eyes On Me;32;25/07/2021;Bo Burnham;viral50
My Jesus;33;25/07/2021;Anne Wilson;viral50
2055;34;25/07/2021;Sleepy Hallow;viral50
Buy Dirt;35;25/07/2021;Jordan Davis, Luke Bryan;viral50
flowers & sex;36;25/07/2021;EMELINE, smle;viral50
After Dark;37;25/07/2021;Mr.Kitty;viral50
NUMB;38;25/07/2021;Chri$tian Gate$;viral50
Not Around;39;25/07/2021;Nova;viral50
SAME ENERGY;40;25/07/2021;The Kid LAROI;viral50
Love Tonight - Edit;41;25/07/2021;Shouse;viral50
Bezos II;42;25/07/2021;Bo Burnham;viral50
everything sucks;43;25/07/2021;vaultboy;viral50
Colt 45 (Country Remix);44;25/07/2021;Cooper Alan, Rvshvd;viral50
double take;45;25/07/2021;dhruv;viral50
t r a n s p a r e n t s o u l feat. Travis Barker;46;25/07/2021;WILLOW;viral50
A-O-K;47;25/07/2021;Tai Verdes;viral50
Je te laisserai des mots;48;25/07/2021;Patrick Watson;viral50
M√≥naco;49;25/07/2021;LAGOS, Danny Ocean;viral50
MMM MMM (feat. ATL Jacob);50;25/07/2021;Kali;viral50
Diamond in the rough;1;26/07/2021;Arik Ancelin;viral50
Smells Like Teen Spirit;2;26/07/2021;Malia J;viral50
FMRN;3;26/07/2021;Lilyisthatyou;viral50
Bezos I;4;26/07/2021;Bo Burnham;viral50
I Used to Care;5;26/07/2021;Louyah;viral50
Beggin';6;26/07/2021;M√•neskin;viral50
Fancy Like;7;26/07/2021;Walker Hayes;viral50
Am I The Only One;8;26/07/2021;Aaron Lewis;viral50
Talk 2 Me;9;26/07/2021;Racki Diorr;viral50
My Potna Dem;10;26/07/2021;$ilkMoney;viral50
Beethoven;11;26/07/2021;Kenndog;viral50
County Line;12;26/07/2021;Chase Matthew;viral50
Duvet;13;26/07/2021;b√¥a;viral50
Pepas;14;26/07/2021;Farruko;viral50
rises the moon;15;26/07/2021;Liana Flores;viral50
I WANNA BE YOUR SLAVE;16;26/07/2021;M√•neskin;viral50
GYALIS;17;26/07/2021;Capella Grey;viral50
Renegade (feat. Taylor Swift);18;26/07/2021;Big Red Machine;viral50
Ain't Shit;19;26/07/2021;Doja Cat;viral50
Ride the Lightning (717 Tapes);20;26/07/2021;Warren Zeiders;viral50
Passion;21;26/07/2021;PinkPantheress;viral50
As the World Caves In;22;26/07/2021;Sarah Cothran;viral50
Loverboy;23;26/07/2021;A-Wall;viral50
Touchable;24;26/07/2021;Remble;viral50
Love Tonight - David Guetta Remix Edit;25;26/07/2021;Shouse;viral50
Pears;26;26/07/2021;Weston Estate;viral50
OK Cool (Bonus);27;26/07/2021;CEO Trayle;viral50
Essence (feat. Tems);28;26/07/2021;WizKid;viral50
Pain;29;26/07/2021;PinkPantheress;viral50
Shit;30;26/07/2021;Bo Burnham;viral50
Tiroteo - Remix;31;26/07/2021;Marc Segu√≠, Rauw Alejandro, Pol Granch;viral50
in heat.;32;26/07/2021;Hentai Xander;viral50
Running Away;33;26/07/2021;VANO 3000, BADBADNOTGOOD, Samuel T. Herring;viral50
Antisocial 2;34;26/07/2021;BabySantana, Slump6s, Yung Fazo, Xhulooo, SSGKobe;viral50
All Eyes On Me - Song Only;35;26/07/2021;Bo Burnham;viral50
Antisocial;36;26/07/2021;Slump6s, BabySantana;viral50
SAME ENERGY;37;26/07/2021;The Kid LAROI;viral50
Welcome to the Internet;38;26/07/2021;Bo Burnham;viral50
2055;39;26/07/2021;Sleepy Hallow;viral50
Bad Habits;40;26/07/2021;Ed Sheeran;viral50
After Dark;41;26/07/2021;Mr.Kitty;viral50
Not Around;42;26/07/2021;Nova;viral50
All Eyes On Me;43;26/07/2021;Bo Burnham;viral50
double take;44;26/07/2021;dhruv;viral50
Love Tonight - Edit;45;26/07/2021;Shouse;viral50
Spaceship;46;26/07/2021;evisu;viral50
Buy Dirt;47;26/07/2021;Jordan Davis, Luke Bryan;viral50
flowers & sex;48;26/07/2021;EMELINE, smle;viral50
Je te laisserai des mots;49;26/07/2021;Patrick Watson;viral50
NUMB;50;26/07/2021;Chri$tian Gate$;viral50
Diamond in the rough;1;27/07/2021;Arik Ancelin;viral50
Smells Like Teen Spirit;2;27/07/2021;Malia J;viral50
FMRN;3;27/07/2021;Lilyisthatyou;viral50
I Used to Care;4;27/07/2021;Louyah;viral50
Bezos I;5;27/07/2021;Bo Burnham;viral50
Beggin';6;27/07/2021;M√•neskin;viral50
Fancy Like;7;27/07/2021;Walker Hayes;viral50
Talk 2 Me;8;27/07/2021;Racki Diorr;viral50
Am I The Only One;9;27/07/2021;Aaron Lewis;viral50
My Potna Dem;10;27/07/2021;$ilkMoney;viral50
Beethoven;11;27/07/2021;Kenndog;viral50
County Line;12;27/07/2021;Chase Matthew;viral50
Pepas;13;27/07/2021;Farruko;viral50
Duvet;14;27/07/2021;b√¥a;viral50
rises the moon;15;27/07/2021;Liana Flores;viral50
GYALIS;16;27/07/2021;Capella Grey;viral50
I WANNA BE YOUR SLAVE;17;27/07/2021;M√•neskin;viral50
Renegade (feat. Taylor Swift);18;27/07/2021;Big Red Machine;viral50
Passion;19;27/07/2021;PinkPantheress;viral50
Ride the Lightning (717 Tapes);20;27/07/2021;Warren Zeiders;viral50
Loverboy;21;27/07/2021;A-Wall;viral50
Ain't Shit;22;27/07/2021;Doja Cat;viral50
As the World Caves In;23;27/07/2021;Sarah Cothran;viral50
Pears;24;27/07/2021;Weston Estate;viral50
Love Tonight - David Guetta Remix Edit;25;27/07/2021;Shouse;viral50
Touchable;26;27/07/2021;Remble;viral50
Pain;27;27/07/2021;PinkPantheress;viral50
OK Cool (Bonus);28;27/07/2021;CEO Trayle;viral50
Essence (feat. Tems);29;27/07/2021;WizKid;viral50
Fahrradsattel;30;27/07/2021;Pisse;viral50
Tiroteo - Remix;31;27/07/2021;Marc Segu√≠, Rauw Alejandro, Pol Granch;viral50
in heat.;32;27/07/2021;Hentai Xander;viral50
Shit;33;27/07/2021;Bo Burnham;viral50
Antisocial 2;34;27/07/2021;BabySantana, Slump6s, Yung Fazo, Xhulooo, SSGKobe;viral50
Running Away;35;27/07/2021;VANO 3000, BADBADNOTGOOD, Samuel T. Herring;viral50
Antisocial;36;27/07/2021;Slump6s, BabySantana;viral50
SAME ENERGY;37;27/07/2021;The Kid LAROI;viral50
All Eyes On Me - Song Only;38;27/07/2021;Bo Burnham;viral50
2055;39;27/07/2021;Sleepy Hallow;viral50
Welcome to the Internet;40;27/07/2021;Bo Burnham;viral50
Bad Habits;41;27/07/2021;Ed Sheeran;viral50
double take;42;27/07/2021;dhruv;viral50
Not Around;43;27/07/2021;Nova;viral50
Love Tonight - Edit;44;27/07/2021;Shouse;viral50
After Dark;45;27/07/2021;Mr.Kitty;viral50
All Eyes On Me;46;27/07/2021;Bo Burnham;viral50
Buy Dirt;47;27/07/2021;Jordan Davis, Luke Bryan;viral50
Je te laisserai des mots;48;27/07/2021;Patrick Watson;viral50
NUMB;49;27/07/2021;Chri$tian Gate$;viral50
flowers & sex;50;27/07/2021;EMELINE, smle;viral50
Diamond in the rough;1;28/07/2021;Arik Ancelin;viral50
Smells Like Teen Spirit;2;28/07/2021;Malia J;viral50
FMRN;3;28/07/2021;Lilyisthatyou;viral50
Bezos I;4;28/07/2021;Bo Burnham;viral50
I Used to Care;5;28/07/2021;Louyah;viral50
Beggin';6;28/07/2021;M√•neskin;viral50
Fancy Like;7;28/07/2021;Walker Hayes;viral50
Talk 2 Me;8;28/07/2021;Racki Diorr;viral50
I Miss The Rage - Majetso Remix;9;28/07/2021;Majetso Mixer, Mario Judah;viral50
Am I The Only One;10;28/07/2021;Aaron Lewis;viral50
My Potna Dem;11;28/07/2021;$ilkMoney;viral50
Beethoven;12;28/07/2021;Kenndog;viral50
County Line;13;28/07/2021;Chase Matthew;viral50
Pepas;14;28/07/2021;Farruko;viral50
Duvet;15;28/07/2021;b√¥a;viral50
GYALIS;16;28/07/2021;Capella Grey;viral50
rises the moon;17;28/07/2021;Liana Flores;viral50
I WANNA BE YOUR SLAVE;18;28/07/2021;M√•neskin;viral50
Renegade (feat. Taylor Swift);19;28/07/2021;Big Red Machine;viral50
Passion;20;28/07/2021;PinkPantheress;viral50
Loverboy;21;28/07/2021;A-Wall;viral50
Ride the Lightning (717 Tapes);22;28/07/2021;Warren Zeiders;viral50
Pain;23;28/07/2021;PinkPantheress;viral50
Ain't Shit;24;28/07/2021;Doja Cat;viral50
Love Tonight - David Guetta Remix Edit;25;28/07/2021;Shouse;viral50
As the World Caves In;26;28/07/2021;Sarah Cothran;viral50
Touchable;27;28/07/2021;Remble;viral50
Pears;28;28/07/2021;Weston Estate;viral50
OK Cool (Bonus);29;28/07/2021;CEO Trayle;viral50
Essence (feat. Tems);30;28/07/2021;WizKid;viral50
Fahrradsattel;31;28/07/2021;Pisse;viral50
Tiroteo - Remix;32;28/07/2021;Marc Segu√≠, Rauw Alejandro, Pol Granch;viral50
in heat.;33;28/07/2021;Hentai Xander;viral50
SAME ENERGY;34;28/07/2021;The Kid LAROI;viral50
Shit;35;28/07/2021;Bo Burnham;viral50
Antisocial 2;36;28/07/2021;BabySantana, Slump6s, Yung Fazo, Xhulooo, SSGKobe;viral50
Antisocial;37;28/07/2021;Slump6s, BabySantana;viral50
Running Away;38;28/07/2021;VANO 3000, BADBADNOTGOOD, Samuel T. Herring;viral50
All Eyes On Me - Song Only;39;28/07/2021;Bo Burnham;viral50
2055;40;28/07/2021;Sleepy Hallow;viral50
double take;41;28/07/2021;dhruv;viral50
Welcome to the Internet;42;28/07/2021;Bo Burnham;viral50
Bad Habits;43;28/07/2021;Ed Sheeran;viral50
Not Around;44;28/07/2021;Nova;viral50
Love Tonight - Edit;45;28/07/2021;Shouse;viral50
Buy Dirt;46;28/07/2021;Jordan Davis, Luke Bryan;viral50
Je te laisserai des mots;47;28/07/2021;Patrick Watson;viral50
All Eyes On Me;48;28/07/2021;Bo Burnham;viral50
NUMB;49;28/07/2021;Chri$tian Gate$;viral50
After Dark;50;28/07/2021;Mr.Kitty;viral50
Diamond in the rough;1;29/07/2021;Arik Ancelin;viral50
Smells Like Teen Spirit;2;29/07/2021;Malia J;viral50
FMRN;3;29/07/2021;Lilyisthatyou;viral50
Bezos I;4;29/07/2021;Bo Burnham;viral50
Beggin';5;29/07/2021;M√•neskin;viral50
Fancy Like;6;29/07/2021;Walker Hayes;viral50
I Used to Care;7;29/07/2021;Louyah;viral50
Everywhereigo;8;29/07/2021;Babyxsosa;viral50
I Miss The Rage - Majetso Remix;9;29/07/2021;Majetso Mixer, Mario Judah;viral50
Talk 2 Me;10;29/07/2021;Racki Diorr;viral50
Pepas;11;29/07/2021;Farruko;viral50
My Potna Dem;12;29/07/2021;$ilkMoney;viral50
Beethoven;13;29/07/2021;Kenndog;viral50
Duvet;14;29/07/2021;b√¥a;viral50
County Line;15;29/07/2021;Chase Matthew;viral50
GYALIS;16;29/07/2021;Capella Grey;viral50
Am I The Only One;17;29/07/2021;Aaron Lewis;viral50
I WANNA BE YOUR SLAVE;18;29/07/2021;M√•neskin;viral50
rises the moon;19;29/07/2021;Liana Flores;viral50
Loverboy;20;29/07/2021;A-Wall;viral50
Passion;21;29/07/2021;PinkPantheress;viral50
Renegade (feat. Taylor Swift);22;29/07/2021;Big Red Machine;viral50
Pain;23;29/07/2021;PinkPantheress;viral50
Ride the Lightning (717 Tapes);24;29/07/2021;Warren Zeiders;viral50
Love Tonight - David Guetta Remix Edit;25;29/07/2021;Shouse;viral50
Ain't Shit;26;29/07/2021;Doja Cat;viral50
As the World Caves In;27;29/07/2021;Sarah Cothran;viral50
Touchable;28;29/07/2021;Remble;viral50
OK Cool (Bonus);29;29/07/2021;CEO Trayle;viral50
Essence (feat. Tems);30;29/07/2021;WizKid;viral50
Fahrradsattel;31;29/07/2021;Pisse;viral50
Tiroteo - Remix;32;29/07/2021;Marc Segu√≠, Rauw Alejandro, Pol Granch;viral50
Pears;33;29/07/2021;Weston Estate;viral50
in heat.;34;29/07/2021;Hentai Xander;viral50
SAME ENERGY;35;29/07/2021;The Kid LAROI;viral50
Antisocial;36;29/07/2021;Slump6s, BabySantana;viral50
Antisocial 2;37;29/07/2021;BabySantana, Slump6s, Yung Fazo, Xhulooo, SSGKobe;viral50
Shit;38;29/07/2021;Bo Burnham;viral50
double take;39;29/07/2021;dhruv;viral50
Running Away;40;29/07/2021;VANO 3000, BADBADNOTGOOD, Samuel T. Herring;viral50
2055;41;29/07/2021;Sleepy Hallow;viral50
All Eyes On Me - Song Only;42;29/07/2021;Bo Burnham;viral50
Welcome to the Internet;43;29/07/2021;Bo Burnham;viral50
Bad Habits;44;29/07/2021;Ed Sheeran;viral50
Love Tonight - Edit;45;29/07/2021;Shouse;viral50
Not Around;46;29/07/2021;Nova;viral50
Je te laisserai des mots;47;29/07/2021;Patrick Watson;viral50
Buy Dirt;48;29/07/2021;Jordan Davis, Luke Bryan;viral50
NUMB;49;29/07/2021;Chri$tian Gate$;viral50
All Eyes On Me;50;29/07/2021;Bo Burnham;viral50
Diamond in the rough;1;30/07/2021;Arik Ancelin;viral50
FVN!;2;30/07/2021;LVL1;viral50
Smells Like Teen Spirit;3;30/07/2021;Malia J;viral50
FMRN;4;30/07/2021;Lilyisthatyou;viral50
Everywhereigo;5;30/07/2021;Babyxsosa;viral50
Bezos I;6;30/07/2021;Bo Burnham;viral50
Beggin';7;30/07/2021;M√•neskin;viral50
Fancy Like;8;30/07/2021;Walker Hayes;viral50
I Used to Care;9;30/07/2021;Louyah;viral50
I Miss The Rage - Majetso Remix;10;30/07/2021;Majetso Mixer, Mario Judah;viral50
Talk 2 Me;11;30/07/2021;Racki Diorr;viral50
Beethoven;12;30/07/2021;Kenndog;viral50
Pepas;13;30/07/2021;Farruko;viral50
Duvet;14;30/07/2021;b√¥a;viral50
My Potna Dem;15;30/07/2021;$ilkMoney;viral50
County Line;16;30/07/2021;Chase Matthew;viral50
GYALIS;17;30/07/2021;Capella Grey;viral50
rises the moon;18;30/07/2021;Liana Flores;viral50
I WANNA BE YOUR SLAVE;19;30/07/2021;M√•neskin;viral50
Passion;20;30/07/2021;PinkPantheress;viral50
Loverboy;21;30/07/2021;A-Wall;viral50
Am I The Only One;22;30/07/2021;Aaron Lewis;viral50
Pain;23;30/07/2021;PinkPantheress;viral50
Love Tonight - David Guetta Remix Edit;24;30/07/2021;Shouse;viral50
Ride the Lightning (717 Tapes);25;30/07/2021;Warren Zeiders;viral50
Renegade (feat. Taylor Swift);26;30/07/2021;Big Red Machine;viral50
Ain't Shit;27;30/07/2021;Doja Cat;viral50
As the World Caves In;28;30/07/2021;Sarah Cothran;viral50
OK Cool (Bonus);29;30/07/2021;CEO Trayle;viral50
Touchable;30;30/07/2021;Remble;viral50
Tiroteo - Remix;31;30/07/2021;Marc Segu√≠, Rauw Alejandro, Pol Granch;viral50
Fahrradsattel;32;30/07/2021;Pisse;viral50
in heat.;33;30/07/2021;Hentai Xander;viral50
Essence (feat. Tems);34;30/07/2021;WizKid;viral50
Antisocial;35;30/07/2021;Slump6s, BabySantana;viral50
Pears;36;30/07/2021;Weston Estate;viral50
double take;37;30/07/2021;dhruv;viral50
Antisocial 2;38;30/07/2021;BabySantana, Slump6s, Yung Fazo, Xhulooo, SSGKobe;viral50
Love Tonight - Edit;39;30/07/2021;Shouse;viral50
Shit;40;30/07/2021;Bo Burnham;viral50
2055;41;30/07/2021;Sleepy Hallow;viral50
Running Away;42;30/07/2021;VANO 3000, BADBADNOTGOOD, Samuel T. Herring;viral50
All Eyes On Me - Song Only;43;30/07/2021;Bo Burnham;viral50
Welcome to the Internet;44;30/07/2021;Bo Burnham;viral50
Headshots (4r Da Locals);45;30/07/2021;Isaiah Rashad;viral50
Bad Habits;46;30/07/2021;Ed Sheeran;viral50
Not Around;47;30/07/2021;Nova;viral50
SAME ENERGY;48;30/07/2021;The Kid LAROI;viral50
Je te laisserai des mots;49;30/07/2021;Patrick Watson;viral50
Buy Dirt;50;30/07/2021;Jordan Davis, Luke Bryan;viral50
Diamond in the rough;1;31/07/2021;Arik Ancelin;viral50
FVN!;2;31/07/2021;LVL1;viral50
FMRN;3;31/07/2021;Lilyisthatyou;viral50
Smells Like Teen Spirit;4;31/07/2021;Malia J;viral50
Everywhereigo;5;31/07/2021;Babyxsosa;viral50
Beggin';6;31/07/2021;M√•neskin;viral50
Bezos I;7;31/07/2021;Bo Burnham;viral50
Fancy Like;8;31/07/2021;Walker Hayes;viral50
I Used to Care;9;31/07/2021;Louyah;viral50
I Miss The Rage - Majetso Remix;10;31/07/2021;Majetso Mixer, Mario Judah;viral50
Talk 2 Me;11;31/07/2021;Racki Diorr;viral50
Duvet;12;31/07/2021;b√¥a;viral50
Pepas;13;31/07/2021;Farruko;viral50
Beethoven;14;31/07/2021;Kenndog;viral50
GYALIS;15;31/07/2021;Capella Grey;viral50
My Potna Dem;16;31/07/2021;$ilkMoney;viral50
County Line;17;31/07/2021;Chase Matthew;viral50
I WANNA BE YOUR SLAVE;18;31/07/2021;M√•neskin;viral50
rises the moon;19;31/07/2021;Liana Flores;viral50
Pain;20;31/07/2021;PinkPantheress;viral50
Passion;21;31/07/2021;PinkPantheress;viral50
Loverboy;22;31/07/2021;A-Wall;viral50
Am I The Only One;23;31/07/2021;Aaron Lewis;viral50
Love Tonight - David Guetta Remix Edit;24;31/07/2021;Shouse;viral50
Ride the Lightning - 717 Tapes;25;31/07/2021;Warren Zeiders;viral50
Ain't Shit;26;31/07/2021;Doja Cat;viral50
Renegade (feat. Taylor Swift);27;31/07/2021;Big Red Machine;viral50
As the World Caves In;28;31/07/2021;Sarah Cothran;viral50
Love Tonight - Edit;29;31/07/2021;Shouse;viral50
Tiroteo - Remix;30;31/07/2021;Marc Segu√≠, Rauw Alejandro, Pol Granch;viral50
Touchable;31;31/07/2021;Remble;viral50
OK Cool (Bonus);32;31/07/2021;CEO Trayle;viral50
Fahrradsattel;33;31/07/2021;Pisse;viral50
Antisocial;34;31/07/2021;Slump6s, BabySantana;viral50
in heat.;35;31/07/2021;Hentai Xander;viral50
Essence (feat. Tems);36;31/07/2021;WizKid;viral50
double take;37;31/07/2021;dhruv;viral50
Pears;38;31/07/2021;Weston Estate;viral50
Headshots (4r Da Locals);39;31/07/2021;Isaiah Rashad;viral50
Antisocial 2;40;31/07/2021;BabySantana, Slump6s, Yung Fazo, Xhulooo, SSGKobe;viral50
2055;41;31/07/2021;Sleepy Hallow;viral50
Shit;42;31/07/2021;Bo Burnham;viral50
Running Away;43;31/07/2021;VANO 3000, BADBADNOTGOOD, Samuel T. Herring;viral50
All Eyes On Me - Song Only;44;31/07/2021;Bo Burnham;viral50
Welcome to the Internet;45;31/07/2021;Bo Burnham;viral50
Bad Habits;46;31/07/2021;Ed Sheeran;viral50
Not Around;47;31/07/2021;Nova;viral50
Buy Dirt;48;31/07/2021;Jordan Davis, Luke Bryan;viral50
M√≥naco;49;31/07/2021;LAGOS, Danny Ocean;viral50
Je te laisserai des mots;50;31/07/2021;Patrick Watson;viral50